SP ID,Registration Batch,Gender,Age,Work Experience/Company,Work Experience/Designation,Work Experience/Tasks,Work Experience/Industry,Work Experience/From Date,Work Experience/To Date,Education/Qualifications,Education/Institution's Name,Education/City,Education/Specialization,Any Additional Skills,Computer Skills,Skills,Languages,Any Hobbies/Interests,Hobbies/Interests/Type,Hobbies/Interests/Name,CLUSTER,Other Cluster
623114,2025 - 2026 [upcoming_batch],Female,24,university of bridgeport,front desk assistant,,HR and Admin,"2024-04-29,NaT,NaT,NaT,NaT,NaT,NaT,NaT,NaT,NaT,NaT,NaT","NaT,NaT,NaT,NaT,NaT,NaT,NaT,NaT,NaT,NaT,NaT,NaT",Postgraduate,university of bridgeport,bridgeport,,,"i know little bit of python, can use ms word and basic computer use",Emedia / Active on Social Media,Hindi / हिंदी (R W S T),,,,Administrative,IT
621593,2025 - 2026 [upcoming_batch],Male,23,"Strzala architects,Weston Williamson + partners","Part 1 architectural assistant,Part 1 architectural assistant","3d modelling, 2d drawings, client meetings and site visits,3d modelling, making presentations , 2D drawings check","Architecture,Architecture","2022-08-17,2024-01-02,NaT,NaT,NaT,NaT,NaT,NaT,NaT,NaT,NaT,NaT,NaT,NaT","2023-08-15,2024-07-25,NaT,NaT,NaT,NaT,NaT,NaT,NaT,NaT,NaT,NaT,NaT,NaT",Bachelor of Architecture (B.Arch),University of Manchester,Manchester,Architecture,,"I am proficient in Microsoft word, Autocad, Sketchup, Photoshop and Indesign",Emedia / Active on Social Media,English (UK) (R W S T),,,,Architecture,
621290,2025 - 2026 [upcoming_batch],Female,30,"Aker Solutions,Tata Projects Limited","Planning Engineer,Deputy Manager - Projects","1) Preparing & monitoring L3 Baseline Schedule (2) Progress monitoring & control (3) Preparing of Progress reports & lookahead schedules. (4) Coordination with the Engineering Team.,1) Coordination with the sub-contractors & vendors for the delivery & execution of work at site. (2) Ordering & Delivery of Structural Steel as per the scope. (3) Performing Technical Bid Evaluation for the identified subcontractors. (4) Reconciliation of construction materials. (5) Traking of overall procurement status, from dispatch to billing at site. (6) Raising Claims (7) Preparing of L3 Baseline Schedule. (8) Preparing & Monitroing Weekly & Monthly Progress Reports","Construction and Engineering,Construction and Engineering","2023-04-17,2019-07-01,NaT,NaT,NaT,NaT,NaT,NaT,NaT,NaT,NaT,NaT,NaT,NaT,NaT,NaT,NaT,NaT,NaT,NaT,NaT,NaT,NaT,NaT,NaT,NaT","NaT,2023-03-31,NaT,NaT,NaT,NaT,NaT,NaT,NaT,NaT,NaT,NaT,NaT,NaT,NaT,NaT,NaT,NaT,NaT,NaT,NaT,NaT,NaT,NaT,NaT,NaT","Postgraduate,Bachelor of Engineering (B.E.),HSC/12","National Institute of Construction Management and Research, Pune,Lakshmi Narain College of Technology & Science, Bhopal,Carmel Convent Hr. Sec. School, BHEL, Bhopal","Pune,Bhopal,Bhopal","Post Graduate Programme - Advanced Construction Management,Construction Management",,"Microsoft Excel, Word, Powerpoint Presentation, Microsoft Project, Primavera (P6), Power BI (Beginner)",Construction & Fabrication / Civil Engineer,"English (IN) (R W S T),Hindi / हिंदी (R W S T)",,,,Construction,
620894,2025 - 2026 [upcoming_batch],Male,34,"Sardar Patel hospital,Dhiraj general hospital","Consultant Orthopedic surgeon,Assistant professor","To run the department of Orthopedic surgery,Clinical and academic post","Healthcare,Medical","2019-06-21,2017-08-01,NaT,NaT,NaT,NaT,NaT,NaT,NaT,NaT,NaT,NaT,NaT,NaT,NaT,NaT,NaT,NaT,NaT,NaT,NaT,NaT,NaT,NaT,NaT,NaT,NaT,NaT,NaT,NaT,NaT,NaT","2018-06-15,NaT,NaT,NaT,NaT,NaT,NaT,NaT,NaT,NaT,NaT,NaT,NaT,NaT,NaT,NaT,NaT,NaT,NaT,NaT,NaT,NaT,NaT,NaT,NaT,NaT,NaT,NaT,NaT,NaT,NaT,NaT","Bachelor of Medicine and Bachelor of Surgery (M.B.B.S.),Master of Surgery (M.S.),Ph.D","Sbks mirc,Sbks Mirc,P. D . Hinduja hospital and research center","Vadodra,Vadodara,Mumbai","Orthopedics,Orthopaedics basic and advance trauma and adult joint reconstructive surgery,Advance Orthopedic training - arthroplasty",,"1. Basic Computer Literacy 
Operating systems: Familiarity with Windows, macOS, or Linux. 
File management: Organizing, saving, and finding files using folders and directories. 
Keyboard shortcuts: Using shortcuts for efficiency (e.g., Ctrl+C for copy, Ctrl+V for paste). 
2. Word Processing 
Proficiency in Microsoft Word, Google Docs, or similar programs for creating, editing, and formatting documents. 
Ability to use features like tables, headers/footers, and text formatting tools. 
3. Spreadsheets 
Understanding of Microsoft Excel or Google Sheets for data entry, creating formulas, generating charts, and analyzing data. 
Knowledge of basic functions like SUM, AVERAGE, VLOOKUP, and PivotTables. 
4. Email and Communication Tools 
Using email clients (Outlook, Gmail) for effective communication and file sharing. 
Familiarity with scheduling tools like Google Calendar, Microsoft Outlook, or Zoom for meetings. 
5. Internet Skills 
Navigating web browsers (Chrome, Firefox, Safari) and performing searches using search engines. 
Knowledge of online safety practices, including recognizing phishing scams and using strong passwords. 
6. Presentation Software 
Creating presentations with Microsoft PowerPoint, Google Slides, or similar tools. 
Understanding of visual design principles for clear, engaging presentations (e.g., using appropriate fonts, colors, and layouts). 
7. Social Media and Collaboration Tools 
Basic knowledge of platforms like LinkedIn, Facebook, Twitter, or Instagram. 
Familiarity with collaboration tools like Slack, Trello, or Asana for team projects and communication. 
8. Basic Troubleshooting and Maintenance 
Ability to solve simple technical problems like software errors, slow performance, and network issues. 
Knowledge of antivirus software and how to maintain system security. 
9. Cloud Storage and File Sharing 
Familiarity with cloud storage platforms like Google Drive, Dropbox, or OneDrive for storing, sharing, and collaborating on files.",Emedia / Active on Social Media,"Gujarati / ગુજરાતી (R  S ),English (UK) (R W S T),Hindi / हिंदी (R W S T),Sanskrit (R W S )","Chess, Scuba diving",,,Medical,
620699,2025 - 2026 [upcoming_batch],Male,34,"BSNL,Pune institute of business management","Tele infra provider,Assistant process manager","BSNL broadband, banking leased circuit, all FTTH networking,Counselling for admission and placement","Telecom,Marketing","2016-08-16,2014-03-12,NaT,NaT,NaT,NaT,NaT,NaT,NaT,NaT,NaT,NaT,NaT,NaT","NaT,2015-04-08,NaT,NaT,NaT,NaT,NaT,NaT,NaT,NaT,NaT,NaT,NaT,NaT",Diploma,Dr np hirani poly,Pusad,Electrical,"fiber optic slicing , networking. ","Networking, FTTH, fiber optic, LAN WAN, ROUTING, SWITCH, MS OFFICE,",General / Telecom,English (IN) (R W S T),,,,Telecom,
620674,2025 - 2026 [upcoming_batch],Male,35,"Aditya Birla Management Corporation Pvt Ltd,Sterlite EdIndia Foundation,Sub-K Impact Solutions Pvt Ltd,Mindsarray Technologies Pvt Ltd (Pay1),Manash Lifestyle Pvt Ltd (purplle.com)","Senior Product Manager - Group Data & Analytics,Lead - Products & Solutions,Manager - Digital Initiatives,Senior Software Developer,Software Developer","Building data & analytics products & platforms (logistics & procurement) for Aditya Birla businesses like UTCL, Chemicals,Building App for teacher engagement & dashboard for district Education officers, IT solutioning and budgeting,Evaluating strategic (add-ons) opportunities and program managing digital corporate digital strategy,Designing, developing & testing features for android apps, front-end & backend development using PHP frameworks for enabling payments,Design, develop and test front-end and back-end features for an e-commerce website selling cosmetics online and beauty salons listing","Supply Chain,Teaching,Banking and Financial Services,Banking and Financial Services,Retail","2022-02-08,2020-04-15,2018-05-01,2015-02-02,2013-10-01,NaT,NaT,NaT,NaT,NaT,NaT,NaT,NaT,NaT,NaT,NaT,NaT,NaT,NaT,NaT,NaT,NaT,NaT,NaT,NaT,NaT,NaT,NaT,NaT,NaT,NaT,NaT","2020-04-14,2016-05-25,2014-08-31,2014-08-31,NaT,NaT,NaT,NaT,NaT,NaT,NaT,NaT,NaT,NaT,NaT,NaT,NaT,NaT,NaT,NaT,NaT,NaT,NaT,NaT,NaT,NaT,NaT,NaT,NaT,NaT,NaT,NaT","Master of Business Administration (M.B.A.),Master of Technology (M.Tech),Bachelor of Technology (B.Tech)","IIM Ahmedabad,IIT Roorkee,IIT Roorkee","Ahmedabad,Roorkee,Roorkee","Food & Agribusiness Management,Power Electronics,Electrical Engineering",,"Excel, Power Point, Word, Python coding, Figma UI design",Emedia / Active on Social Media,"English (IN) (R W S T),Hindi / हिंदी (R W S T),Marathi (R W S T)",,,,Data Science,
620302,2025 - 2026 [upcoming_batch],Male,19,,,,,"NaT,NaT,NaT,NaT,NaT,NaT,NaT,NaT,NaT,NaT,NaT,NaT","NaT,NaT,NaT,NaT,NaT,NaT,NaT,NaT,NaT,NaT,NaT,NaT",Undergraduate,National pu comp college,Hospet,Physics,,No,Emedia / Active on Social Media,English (IN) (R W S T),,,,General,
619890,2025 - 2026 [upcoming_batch],Male,21,,,,,"NaT,NaT,NaT,NaT,NaT,NaT,NaT,NaT,NaT,NaT,NaT,NaT,NaT","NaT,NaT,NaT,NaT,NaT,NaT,NaT,NaT,NaT,NaT,NaT,NaT,NaT",Bachelor - Other,KLR Pharmacy College,Palvoncha,Pharmacy Practice,,"PowerPoint, ms word",Emedia / Active on Social Media,"English (US) (R W S T),Hindi / हिंदी (R W  )",,,,Medical,
619827,2025 - 2026 [upcoming_batch],Male,24,info guild technologies Pvt Ltd,Deployment co-ordinator,to operate our app & to give sales pitching to clients,IT,"2024-02-26,NaT,NaT,NaT,NaT,NaT,NaT,NaT,NaT,NaT,NaT,NaT,NaT,NaT,NaT,NaT,NaT","NaT,NaT,NaT,NaT,NaT,NaT,NaT,NaT,NaT,NaT,NaT,NaT,NaT,NaT,NaT,NaT,NaT",,,,,,basic,Emedia / Active on Social Media,"Telugu / తెలుగు (R W S T),Hindi / हिंदी (R W S T),English (IN) (R W S T)",,,,Sales & Marketing,
619678,2025 - 2026 [upcoming_batch],Male,22,Department of Posts,Grameen Daak Sevak Branch Post Master ( GDS BPM ),"I operate single handedly a small branch post office in a remote village of West Bengal. I manage accounts, do sales and marketing of postal products and help villagers make better financial decisions for themselves and their kids as a whole. I also help them by imparting in mobile banking facilities and create awareness against scams and financial frauds.",Banking and Financial Services,"2022-08-02,NaT,NaT,NaT,NaT,NaT,NaT,NaT,NaT,NaT,NaT,NaT,NaT,NaT,NaT,NaT","NaT,NaT,NaT,NaT,NaT,NaT,NaT,NaT,NaT,NaT,NaT,NaT,NaT,NaT,NaT,NaT",Bachelor of Science (B.Sc),Sidho Kanho Birsha University,Purulia,Zoology Hons,,"I can do basic document, video editing. Can use basic creative software and can learn computer skills fast. *NO CODING SKILLS*",Emedia / Active on Social Media,"Bengali / বাংলা (R W S T),English (IN) (R W S T),Hindi / हिंदी (R  S T)",,,,Sales & Marketing,
619542,2025 - 2026 [upcoming_batch],Male,24,,,,,"NaT,NaT,NaT,NaT,NaT,NaT,NaT,NaT,NaT,NaT,NaT,NaT,NaT","NaT,NaT,NaT,NaT,NaT,NaT,NaT,NaT,NaT,NaT,NaT,NaT,NaT",Bachelor of Law (B.L. / LLB),Institute of law and research,Faridabad,Litigation,,Basic,General / Lawyer,English (UK) (R W S T),,"Theatre and Film,Sports","Acting,Football",Law,
619537,2025 - 2026 [upcoming_batch],Female,39,"Manipal hospital Whitefield,Prakash power planning pvt","Senior patient care coordinator,Assistant purchase manager","Billing, customer service, appointment booking,floor incharge,billing,Billing, invoice, quotation,tender","Healthcare,Purchase","2017-07-10,2008-03-05,NaT,NaT,NaT,NaT,NaT,NaT,NaT,NaT,NaT,NaT,NaT","NaT,2017-01-11,NaT,NaT,NaT,NaT,NaT,NaT,NaT,NaT,NaT,NaT,NaT",Bachelor of Commerce (B.Com),Vasavi vidyanikethan women's college,Bengaluru,Accounts,,Diploma in computer application,Emedia / Active on Social Media,Kannada (R W S T),,,,Finance,
619536,2025 - 2026 [upcoming_batch],Male,39,Tanishq,Senior retail sales officer,"Selling of good, diamond,platinum ti customers ,handling stock, casheir",Retail,"2009-01-01,NaT,NaT,NaT,NaT,NaT,NaT,NaT,NaT,NaT,NaT,NaT","2012-12-06,NaT,NaT,NaT,NaT,NaT,NaT,NaT,NaT,NaT,NaT,NaT",Master of Business Administration (M.B.A.),Gems b school,Banglore,Retail and marketing,,Basic skills in operating computer,Emedia / Active on Social Media,English (IN) (R W S T),,,,Sales & Marketing,
619528,2025 - 2026 [upcoming_batch],Female,22,CDW,Associate Consultant,Part of the Data Engineering Team. Working on migrating data from on premises to Cloud(ADF/Fabric). Worked on Alteryx to replicate the dataflow in ADF. Also have experience on building stored procedures in SSMS and packages in SSIS.,IT,"2023-07-03,NaT,NaT,NaT,NaT,NaT,NaT,NaT,NaT,NaT,NaT,NaT,NaT,NaT,NaT,NaT,NaT,NaT,NaT,NaT,NaT,NaT,NaT","NaT,NaT,NaT,NaT,NaT,NaT,NaT,NaT,NaT,NaT,NaT,NaT,NaT,NaT,NaT,NaT,NaT,NaT,NaT,NaT,NaT,NaT,NaT",Bachelor of Technology (B.Tech),Sri Krishna College of Engineering and Technology,Coimbatore,Information Technology,,"Keyboard Shortcuts & Typing 
Word Processing: Microsoft Word, Google Docs 
Spreadsheets: Microsoft Excel, Google Sheets 
Presentations: Microsoft PowerPoint 
Database Management Systems: SQL Server, MySQL 
Data Tools: Snowflake, Power BI, Azure Synapse Analytics, Azure Data Factory, Fabric, SSMS, SSIS 
Programming Languages: Python, Java 
Web development: HTML, CSS, Javascript 
Github, Visual Studio Code 
Design: Figma",Emedia / Active on Social Media,"Tamil (R W S T),English (US) (R W S T),Hindi / हिंदी (R W  )",,,,IT,
619335,2025 - 2026 [upcoming_batch],Male,21,AIVariant,Business Analyst Intern,,IT,"2024-06-11,NaT,NaT,NaT,NaT,NaT,NaT,NaT,NaT,NaT,NaT,NaT,NaT,NaT,NaT","2024-09-23,NaT,NaT,NaT,NaT,NaT,NaT,NaT,NaT,NaT,NaT,NaT,NaT,NaT,NaT",Bachelor of Computer Application (B.C.A.),C D Jain,,,"Tableau, Power BI, Hadoop, Web designing, c-language, Event organizing for small businesses",Web Applications,IT / Data Analyst,English (IN) (R W S T),"Reading books, Sc-FI, spiritual, ",Communication,Prose writing,,
619120,2025 - 2026 [upcoming_batch],Male,40,"Apps Associates,Emtec Inc.","Practice Manager,Practice Manager","Responsible for technical delivery of Analytics projects, specializing in Oracle Analytics, Tableau and Power BI,Responsible for technical delivery of Analytics projects, specializing in Oracle Analytics, Tableau and Power BI","IT,IT","2023-06-01,2017-04-10,NaT,NaT,NaT,NaT,NaT,NaT,NaT,NaT,NaT,NaT,NaT,NaT,NaT,NaT,NaT,NaT,NaT,NaT,NaT","NaT,2023-05-31,NaT,NaT,NaT,NaT,NaT,NaT,NaT,NaT,NaT,NaT,NaT,NaT,NaT,NaT,NaT,NaT,NaT,NaT,NaT",Master of Science (M.Sc),University of Missouri - Kansas City,Kansas City,Computer Science,,IT Professional,IT / Developer,"English (US) (R W S T),Hindi / हिंदी (R W S T)",,Sports,Badminton,,
619111,2025 - 2026 [upcoming_batch],Female,35,"Citi Bank,BBVA Bank","IT Business Analyst,Business Analyst",,"IT,IT","2021-08-09,2013-10-14,NaT,NaT,NaT,NaT,NaT,NaT,NaT,NaT,NaT,NaT,NaT,NaT,NaT,NaT,NaT,NaT,NaT,NaT,NaT","NaT,2021-08-06,NaT,NaT,NaT,NaT,NaT,NaT,NaT,NaT,NaT,NaT,NaT,NaT,NaT,NaT,NaT,NaT,NaT,NaT,NaT",Master of Engineering (M.E.),Old Dominion University,Norfolk,Environmental Engineering,,MS Office.,IT / Business Analyst,"English (UK) (R W S T),Hindi / हिंदी (R W S T)",,,,,
619029,2025 - 2026 [upcoming_batch],Male,21,,,,,"NaT,NaT,NaT,NaT,NaT,NaT,NaT,NaT,NaT,NaT,NaT,NaT","NaT,NaT,NaT,NaT,NaT,NaT,NaT,NaT,NaT,NaT,NaT,NaT",HSC/12,,Gujarat,,,"Can use the computer on intermidiate level , I am not pro",IT / Developer - front end,English (US) (R W S T),,,,,
618949,2025 - 2026 [upcoming_batch],Male,31,"Self empoyed,CEIEC (China Electronics Imp. & Exp. Corporation),Apple Electronics Products Commerce (Beijing) Company","English & Spanish tutor,Assistant Manager,Salesman","Help students pass exams,As translator and coordinator help the Project Manager in communicating with customers and suppliers,Transform Apple Store visitors into loyal customers","Teaching,Import and Export,Retail","2019-07-01,2014-07-01,2016-06-06,NaT,NaT,NaT,NaT,NaT,NaT,NaT,NaT,NaT,NaT,NaT,NaT,NaT,NaT,NaT,NaT,NaT,NaT,NaT","NaT,2016-06-06,2019-07-01,NaT,NaT,NaT,NaT,NaT,NaT,NaT,NaT,NaT,NaT,NaT,NaT,NaT,NaT,NaT,NaT,NaT,NaT,NaT",Bachelor - Other,Beijing Foreign Studies University,Beijing,Spanish Literature,"Spanish Tutor
Sound editing","Office, video-edition, sound-editing",Arts and Crafts / Film Director,"English (US) (R W S T),Spanish / Español (R W S T)","Studying Film/Movies, scripts, books - He has aspirations of becoming a film director",Theatre and Film,Videography,,
618917,2025 - 2026 [upcoming_batch],Male,24,,,,,"NaT,NaT,NaT,NaT,NaT,NaT,NaT,NaT,NaT,NaT,NaT,NaT","NaT,NaT,NaT,NaT,NaT,NaT,NaT,NaT,NaT,NaT,NaT,NaT",Bachelor of Arts (B.A.),"SRCD College, Katihar",KATIHAR,Political Science(Hons),,Don't have any certificate but have some basic knowledge.,Emedia / Active on Social Media,English (UK) (R W S ),,,,,
618880,2025 - 2026 [upcoming_batch],Male,29,Bloomantra foods pvt Ltd,Director,"Marketing, production, expansion",Agriculture,"2021-01-01,NaT,NaT,NaT,NaT,NaT,NaT,NaT,NaT,NaT,NaT,NaT","NaT,NaT,NaT,NaT,NaT,NaT,NaT,NaT,NaT,NaT,NaT,NaT",Bachelor of Arts (B.A.),Bundelkhand University,Jhansi,,organic fertilizer making ,Normal daily use skills,Environment / Agriculture/ Farmer,English (US) (R W S T),,,,,
618829,2025 - 2026 [upcoming_batch],Male,36,"Texas instruments, analog devices, corning, aura semiconductor",Applications engineer,"Board design, circuit debugging",Industrial Products,"2014-12-20,NaT,NaT,NaT,NaT,NaT,NaT,NaT,NaT,NaT,NaT,NaT,NaT,NaT,NaT,NaT,NaT,NaT,NaT,NaT,NaT,NaT","2024-07-01,NaT,NaT,NaT,NaT,NaT,NaT,NaT,NaT,NaT,NaT,NaT,NaT,NaT,NaT,NaT,NaT,NaT,NaT,NaT,NaT,NaT",Master of Engineering (M.E.),Utah state university,Logan,Electronics,,"Word, excel etc",Soft Skills / Articulate in communication,"English (AU) (R W S T),Hindi / हिंदी (R W S T),Kannada (R  S ),Marathi (R W S )",Running and hiking,Sports,Others,,
618828,2025 - 2026 [upcoming_batch],Male,31,Palwal Handicrafts,Manager,Manage All processes of manufacturing and retail units.,Manufacturing,"2018-04-01,NaT,NaT,NaT,NaT,NaT,NaT,NaT,NaT,NaT,NaT,NaT,NaT,NaT","NaT,NaT,NaT,NaT,NaT,NaT,NaT,NaT,NaT,NaT,NaT,NaT,NaT,NaT","Bachelor of Commerce (B.Com),Other","Delhi University,ICAI","Delhi,delhi",Economics,,"Understand computer fundamentals very well, have done courses and operating MS office  programs and utility softwares regularly in my CA(Chartered Accountancy), Familier with popular accounting, auditing and tax filing software.",Emedia / Active on Social Media,"Hindi / हिंदी (R W S T),English (US) (R W S T)",,,,,
618810,2025 - 2026 [upcoming_batch],Male,27,"JBD & Associates,Kavita Trading","Audit Assistant,Tax Compliance Officer","Tax Audit, GST Audit, ITR Fillings, GST Return Fillings, TDS Fillings, Financial Management etc,Accounting, Books Finalization, Stock Audit, GST Return Fillings.","Accounts,Retail","2024-08-01,2022-06-03,NaT,NaT,NaT,NaT,NaT,NaT,NaT,NaT,NaT,NaT,NaT,NaT,NaT,NaT,NaT,NaT,NaT,NaT,NaT","NaT,2024-02-29,NaT,NaT,NaT,NaT,NaT,NaT,NaT,NaT,NaT,NaT,NaT,NaT,NaT,NaT,NaT,NaT,NaT,NaT,NaT","Other,Master of Business Administration (M.B.A.),Bachelor of Commerce (B.Com)","Institute Of Chartered Accountants Of India,GujaratTechnological University,VNSGU","Navsari,Bilimora","Finance,Adv Accounts",,"Proficient in MS Office Suite, Accounting Software-Tally & Miracle, Auditing Software- Genius and Compu Tax, e-web applications.",Emedia / Active on Social Media,"English (UK) (R W S T),Hindi / हिंदी (R W S T)",,,,,
618735,2025 - 2026 [upcoming_batch],Male,29,"Self,Singh hum Automobile","Trader,Manager","Analytics and risk management along with asset allocation.,Manage day to day operations and keep the accounting of the business.","Finance,Automobiles","2020-02-01,2017-04-01,NaT,NaT,NaT,NaT,NaT,NaT,NaT,NaT,NaT,NaT,NaT,NaT,NaT,NaT,NaT,NaT,NaT,NaT","NaT,2020-02-01,NaT,NaT,NaT,NaT,NaT,NaT,NaT,NaT,NaT,NaT,NaT,NaT,NaT,NaT,NaT,NaT,NaT,NaT",Bachelor of Commerce (B.Com),Delhi University,New Delhi,Finance,Google sheets,"Google sheets. 
OneNote. 
Fluent at basic computer operation. 
Research based web use.",Accounting / Basic Accountancy,"English (US) (R W S T),Marwadi (  S T)",Jujutsu,Sports,Others,,
618727,2025 - 2026 [upcoming_batch],Male,32,Nature basket,Accountant,Handling accounts,Accounts,"2020-08-10,NaT,NaT,NaT,NaT,NaT,NaT,NaT,NaT,NaT,NaT,NaT,NaT,NaT,NaT,NaT,NaT,NaT,NaT,NaT,NaT,NaT,NaT","2023-07-17,NaT,NaT,NaT,NaT,NaT,NaT,NaT,NaT,NaT,NaT,NaT,NaT,NaT,NaT,NaT,NaT,NaT,NaT,NaT,NaT,NaT,NaT",Bachelor of Commerce (B.Com),Vivekananda college,Puttur,,,"Microsoft excel ,word , and other basic operations","Environment / Agriculture/ Farmer,Accounting / Basic Accountancy","English (AU) (R W S T),Hindi / हिंदी (R W S T),Tulu (  S T),Tamil (  S T)",,Communication,Soft Skills training,,
618689,2025 - 2026 [upcoming_batch],Female,36,,,,,"NaT,NaT,NaT,NaT,NaT,NaT,NaT,NaT,NaT,NaT,NaT,NaT","NaT,NaT,NaT,NaT,NaT,NaT,NaT,NaT,NaT,NaT,NaT,NaT",,,,,,don't know how to use,Soft Skills / Enthusiastic,Chinese (Simplified) / 简体中文 (R W S T),Yoga teacher,Sports,Others,,
618672,2025 - 2026 [upcoming_batch],Female,24,Primesoft solutions,Associate Software Engineer,Automation QA development,Engineering Design,"2023-08-07,NaT,NaT,NaT,NaT,NaT,NaT,NaT,NaT,NaT,NaT,NaT,NaT","NaT,NaT,NaT,NaT,NaT,NaT,NaT,NaT,NaT,NaT,NaT,NaT,NaT",Master of Computer Application (M.C.A.),Ramaiah institute of technology,Bangalore,MCA,,"Excel, word processing, Python programming language, Power BI, DBMS","IT / Developer,IT / Tester/ Quality Analyst",Marathi (R W S T),,,,,
618654,2025 - 2026 [upcoming_batch],Male,21,,,,,"NaT,NaT,NaT,NaT,NaT,NaT,NaT,NaT,NaT,NaT,NaT,NaT,NaT","NaT,NaT,NaT,NaT,NaT,NaT,NaT,NaT,NaT,NaT,NaT,NaT,NaT",,,,,,Basic,Emedia / Active on Social Media,English (UK) (R W S T),,,,,
618603,2025 - 2026 [upcoming_batch],Male,27,"HP,F & H","TSE - Product Specialist,TSE - Product Specialist","Overall Product Ownership, Support, Configuration, Troubleshooting  and sales of both Hardware and SAAS products.,Purely Software based role.","IT,Architecture","2021-03-01,2023-05-10,NaT,NaT,NaT,NaT,NaT,NaT,NaT,NaT,NaT,NaT,NaT,NaT,NaT","2023-04-10,2024-04-10,NaT,NaT,NaT,NaT,NaT,NaT,NaT,NaT,NaT,NaT,NaT,NaT,NaT",Bachelor of Engineering (B.E.),JSSATE,Bangalore,Electronics and Communication,,"Overall computer skills, typing, working within any software/CRM's. 
Intermediate level coding, analytics stuff, etc..",Emedia / Active on Social Media,"English (US) (R W S T),Kannada (R W S T),Hindi / हिंदी (R W S T)",,,,,
618472,2025 - 2026 [upcoming_batch],Male,27,,,,,"NaT,NaT,NaT,NaT,NaT,NaT,NaT,NaT,NaT,NaT,NaT,NaT","NaT,NaT,NaT,NaT,NaT,NaT,NaT,NaT,NaT,NaT,NaT,NaT",Bachelor of Science (B.Sc),Lepakshi degree college,Proddatur,,preparing for UPSC,No,Others / Air Force,English (UK) (R W S T),,,,,
618419,2025 - 2026 [upcoming_batch],Male,31,Procuradoria do Município de Campo Grande,"I am Layer for a City (after a civil service exam), representing its interests.","Here I am responsible for two departments, as the coordinator, you can say. On one of them, we manage legal actions against people or companys that have not paid their taxes, and that are of interesting value, above certain ammount. And on the other department, we manage all the legal condemnations that are towards the city and culminate in the necessety of payment, so that we verify the ammount, and follow it until the end of that legal case, with the ending being the payment of the indenization.",Government,"2020-06-09,NaT,NaT,NaT,NaT,NaT,NaT,NaT,NaT,NaT,NaT,NaT,NaT,NaT,NaT","NaT,NaT,NaT,NaT,NaT,NaT,NaT,NaT,NaT,NaT,NaT,NaT,NaT,NaT,NaT",Bachelor of Law (B.L. / LLB),Universidade Federal de Pernambuco,Recife,Post Graduate at Penal Law,Lawyer,"Pretty much anything I can learn on a computer, as since I am kid I have been on one, basically for 25 years. 
As skills per se, I can say I am very fast on it and basically understand how it functions, how it operates, and the underlying mecanism of it.",Basic Computer Skills / Basic Computer (MS Office and Email) Skills,"English (US) (R W S T),Spanish / Español (R W S T)",,Sports,Football,,
618312,2025 - 2026 [upcoming_batch],Male,28,Oracle India Pvt Ltd,Application Engineer,I was responsible for developing the backend software development requirements for the Team's product.,IT,"2018-07-26,NaT,NaT,NaT,NaT,NaT,NaT,NaT,NaT,NaT,NaT,NaT,NaT,NaT,NaT","2019-08-30,NaT,NaT,NaT,NaT,NaT,NaT,NaT,NaT,NaT,NaT,NaT,NaT,NaT,NaT",Bachelor of Engineering (B.E.),Birla Institute of Technology and Science Pilani,Pilani,Electrical and Electronics Engineering,,I am proficient in running a computer and learning any new computer skills that I might require.,Emedia / Active on Social Media,English (US) (R W S ),"Pilates, Trekking, Kalari",,,,
618273,2025 - 2026 [upcoming_batch],Male,38,Cortecnet,Sales representative,"Responsible for sales of consumables and molecules labeled with stable isotopes (high value-added products) for various analytical and imaging techniques such as NMR, MS, MRI and PET. Client calls - 40% / Salesforce and Quotations - 40 % / Client Visits - 20% Results: Increase of profits by 53% between 31.12.2018 - 31.12.2017  2019 main achievement - Profits match with previous year, with business diversification to raise a new devision of business as 26% of the profits of the Zone I managed.",Research and Development,"2017-05-15,NaT,NaT,NaT,NaT,NaT,NaT,NaT,NaT,NaT,NaT,NaT,NaT,NaT,NaT,NaT,NaT,NaT,NaT,NaT,NaT,NaT,NaT,NaT,NaT,NaT,NaT,NaT","2023-12-30,NaT,NaT,NaT,NaT,NaT,NaT,NaT,NaT,NaT,NaT,NaT,NaT,NaT,NaT,NaT,NaT,NaT,NaT,NaT,NaT,NaT,NaT,NaT,NaT,NaT,NaT,NaT","Master of Science (M.Sc),Other,Master of Science (M.Sc),Other,Other,Bachelor of Arts (B.A.)","ESCP Europe Business School,Prague Film School,Blekinge Institute of Technology,European College of Liberal Arts,Southern Maine Community College,Yerevan State Univeristy","Paris/London,Prague,Karlskrona/Sweden,Berlin,South Portland/USA,Yerevan/Armenia","Creativity and Marketing,Film Direction, Camera operation, Film editing, Sound recording,Strategic Leadership for Sustainable Development,Art and Philisophy (mainly art installation),General studies,Social Work","✔Various types of art. Studied multiple forms all over the world.
✔Can sing and play Piano
✔MS office, Adobe photoshop, premiere Davinci Resolve video editing, color grading, VR, AI art, Digital painting","MS office, Adobe photoshop, premiere Davinci Resolve video editing, color grading, VR, AI art, Digital painting, etc","Arts and Crafts / Musician,Corporate / Sales Executive","French / Français (R W S T),Russian / русский язык (R W S T)",Visual art,"Communication,Arts & Crafts","Poetry,Painting",,
618269,2025 - 2026 [upcoming_batch],Male,24,"Sanjeevini wellness center,Anumeha Antiques,Technotask","Assistant of doctor,Proprietor,CSE","Assisting doctor, handling patients, technical operations, overall flow of the wellness center,Market analysis, selling strategist, hiring and training of recruits, overall development of the company.,Customer support and problem solving via chat and call.","Healthcare,Art,BPO and KPO","2024-04-09,2018-01-02,2023-02-20,NaT,NaT,NaT,NaT,NaT,NaT,NaT,NaT,NaT,NaT,NaT,NaT","NaT,2023-01-26,2023-12-10,NaT,NaT,NaT,NaT,NaT,NaT,NaT,NaT,NaT,NaT,NaT,NaT",,,,,,Google analytics with basic data handling,Arts and Crafts / Actor,"English (US) (R W S T),Hindi / हिंदी (R W S )",,,,,
618140,2025 - 2026 [upcoming_batch],Male,27,"Hong BBQ and Hot Pot,Nine Spice Hot Pot","Server,Server","Server at a restaurant,Server at a restaurant","Others,Others","2024-10-03,2022-01-10,NaT,NaT,NaT,NaT,NaT,NaT,NaT,NaT,NaT,NaT,NaT,NaT,NaT,NaT,NaT,NaT,NaT,NaT","NaT,2024-01-05,NaT,NaT,NaT,NaT,NaT,NaT,NaT,NaT,NaT,NaT,NaT,NaT,NaT,NaT,NaT,NaT,NaT,NaT",Bachelor - Other,Community College of Allegheny County,Pittsburgh,Arts,,"Microsoft Word, Powerpoint, Excel, Adobe Photoshop, Adobe Premiere. 
Photography, Videos","Arts and Crafts / Clay Modeller,Arts and Crafts / Painter",English (US) (R W S T),,"Arts & Crafts,Arts & Crafts","Painting,Pottery",,
618139,2025 - 2026 [upcoming_batch],Male,26,,,,,"NaT,NaT,NaT,NaT,NaT,NaT,NaT,NaT,NaT,NaT,NaT,NaT,NaT,NaT,NaT,NaT,NaT,NaT","NaT,NaT,NaT,NaT,NaT,NaT,NaT,NaT,NaT,NaT,NaT,NaT,NaT,NaT,NaT,NaT,NaT,NaT","Bachelor of Arts (B.A.),Bachelor of Law (B.L. / LLB)","UNIVERSITY OF DELHI,UNIVERSITY OF DELHI","NEW DELHI,NEW DELHI","HUMANITIES,LAW",,BASIC KNOWLEDGE,Emedia / Active on Social Media,"Hindi / हिंदी (R W S ),English (AU) (R W S T)",,,,,
618134,2025 - 2026 [upcoming_batch],Female,28,"Indus Universal School,Creative multimedia college of Finearts,Kadari Art gallery","Drawing and painting Faculty,Drawing and painting Faculty,Gallery Assistant","Teaching Art as a subject and beyond,Teaching,Curating art exhibitions, client deals, gallery management, field works, interior art proposals, website backend end.","Teaching,Art,Art","2023-06-10,2021-10-04,2021-06-14,NaT,NaT,NaT,NaT,NaT,NaT,NaT,NaT,NaT,NaT,NaT,NaT,NaT","NaT,2023-05-31,2021-10-01,NaT,NaT,NaT,NaT,NaT,NaT,NaT,NaT,NaT,NaT,NaT,NaT,NaT",Master of Fine Arts (M.F.A.),Jawaharlal Nehru Architecture and Finearts university,Hyderabad,Painting and visual communication,,"Ppts, Excel",Arts and Crafts / Actor,English (UK) (R W S T),,,,,
618080,2025 - 2026 [upcoming_batch],Female,51,"Yamuna International Airport Limited,OLA-ANI Technologies pvt ltd,Hyderabad International Airport,Kempegowda International Airport pvt ltd,ICICI Prudential Life insurance pvt ltd,Indian Air Force","Head Aviation Safety,Head Safety,Head Aviation Safety,Head Aviation Safety,Senior ManagerHuman Resource,Squadron Leader AirTraffic Controller","Responsible for conceptualizing, implementing and leading the safety management system for the Airport . It involves setting up processes and driving it centrally through all internal heads (Departments-Airside operations , Airport operations centre, Aircraft rescue and Fire fighting, Engineering and maintainance, Airport safety and security, Cargo operations) and external stakeholders (Airlines/Groundhandlers/Refuellers/Caterers/ Concessionaires, Regulator, other state and centralGovt bodies),	Established the new vertical of Safety and brought in the best practices from the Aviation industry. 	Lead safety initiatives, developed, implemented and administered programs and processes related to Safety. 	Driven a safe and compliant culture across  with the business partners and customers.,	Successfully implemented “Integrated Safety Management System (ISMS)’ at Rajiv Gandhi International Airport [IMS 9001, 14001 &18001; British Safety Council’s OH&SMS and ICAO mandated SMS at the Airport.] 	As a part of the core team-Achieved the British Safety Council’s Health and Safety Management System (SMS) Five star and Sword of Honor with 99% score. Among the first Airport in the world to have achieved the same.  	Devised and rolled out an Annual Safety plan for the company with deliverables from all departments measured and integrating into the safety office. 	Automation of the Safety Management System.,	Successfully implemented “Safety Management System’ at Bengaluru International Airport. 	Included implementation of safety objectives and policies, Review of safety parameters in accordance with operational demands, management of safety with the business parameters of minimizing cost, maximizing productivity and achieving an acceptable safety standard across agencies. 	Investigation and Audits, Safety training and promotions, Safety risk management, Safety assurance, developing ‘Management Information Summaries’ and creating a robust safety culture across agencies formed the core function in the implementation strategy. 	The Airport is the first in India to have successfully initiated and operationalized the implementation of the Safety Management System as per international and national regulatory standards.,	Employee engagement for a large team in the southern states of Karnataka and Goa, India. 	Hiring of Senior Managers and ensuring quality & timely on- boarding of employees. 	Monthly operations dashboards and key management reports. 	Induction-trainings during employee on-boarding process. 	Presided over the promotion boards for Managers through a selection process that involved case studies and role-plays.,	Air Traffic services at various military and joint user air bases throughout the country. 	Supervised, trained, examined and rated the junior controllers. 	Conducted regular training programmes which included content development, training delivery, conduct of mock exercises and drills for the operational staff including simulated emergencies like Aircraft crash scenario. 	Member of the core operational group in executing International collaborated Air exercises of Military with United States and Singapore Air Force.  	Presiding officer/Member in the conduct of Court of Inquiries of untoward occurrences or incidents which involved detailed investigations and root cause analysis. 	Vice President, Air Force Employees consumer cooperative society, President of Women’s working committee, Officer-in-charge of various non-profit ventures.","Others,Travel,Others,Others,Insurance,Defence Jobs","2022-08-10,2015-07-01,2012-12-01,2008-03-01,2007-05-01,1996-05-24,NaT,NaT,NaT,NaT,NaT,NaT,NaT,NaT,NaT,NaT,NaT,NaT,NaT,NaT,NaT,NaT,NaT,NaT,NaT,NaT,NaT,NaT,NaT,NaT,NaT,NaT","NaT,2015-12-31,2014-12-31,2010-03-31,2008-03-01,2007-05-23,NaT,NaT,NaT,NaT,NaT,NaT,NaT,NaT,NaT,NaT,NaT,NaT,NaT,NaT,NaT,NaT,NaT,NaT,NaT,NaT,NaT,NaT,NaT,NaT,NaT,NaT","Other,Bachelor - Other","Indian Institute of Management Ahmedabad,University of Agricultural sciences Bengaluru","Ahmedabad,Bengaluru","Business Administration for Armed forces Officers,Agricultural marketing & Cooperation",,Average,Emedia / Active on Social Media,"English (US) (R W S T),Hindi / हिंदी (R W S T),Malayalam (R W S ),Kannada (  S )",,,,,
617968,2025 - 2026 [upcoming_batch],Female,23,,,,,"NaT,NaT,NaT,NaT,NaT,NaT,NaT,NaT,NaT,NaT,NaT,NaT","NaT,NaT,NaT,NaT,NaT,NaT,NaT,NaT,NaT,NaT,NaT,NaT",,,,,,",n",Arts and Crafts / Actor,Arabic / الْعَرَبيّة ( W S T),,,,,
617949,2025 - 2026 [upcoming_batch],Male,27,Adzefitnessstudio,Fitness manger &coach,Management,Consulting,"2018-06-09,NaT,NaT,NaT,NaT,NaT,NaT,NaT,NaT,NaT,NaT,NaT,NaT,NaT,NaT,NaT,NaT,NaT,NaT,NaT,NaT","NaT,NaT,NaT,NaT,NaT,NaT,NaT,NaT,NaT,NaT,NaT,NaT,NaT,NaT,NaT,NaT,NaT,NaT,NaT,NaT,NaT","SSLC/10,Bachelor - Other",Ansaldo high school,Chengalpat,NA Sports and other certification,,Basic,Emedia / Active on Social Media,English (US) (R W S T),,"Sports,Sports","Cricket,Badminton",,
617897,2025 - 2026 [upcoming_batch],Female,26,"The school, Krishnamurti Foundation India,Namma Ooru Global School, Gangaikondan","Teaching staff,Teaching staff","Middle school (Science and Math),Classes 5, 6, 7 and 8 (Science)","Teaching,Teaching","2020-06-10,2019-09-01,NaT,NaT,NaT,NaT,NaT,NaT,NaT,NaT,NaT,NaT,NaT,NaT,NaT,NaT,NaT","NaT,2020-06-10,NaT,NaT,NaT,NaT,NaT,NaT,NaT,NaT,NaT,NaT,NaT,NaT,NaT,NaT,NaT","Bachelor of Engineering (B.E.),Bachelor of Education (B.Ed.)","National engineering college, Kovilpatti,Tamil Nadu Open University","Kovilpatti,Chennai","Electronics and communication,Intellectual disability",,Basic word and excel,Emedia / Active on Social Media,"English (US) (R W S T),Hindi / हिंदी (R W S )",She has been practicing and performing Bharatanatyam on a daily basis. She has performed multiple times on different platforms,Classical Music,Bharatanatyam,,
617885,2025 - 2026 [upcoming_batch],Male,23,Bharathi Cement,Data entry,,Manufacturing,"2023-05-05,NaT,NaT,NaT,NaT,NaT,NaT,NaT,NaT,NaT,NaT,NaT,NaT","2023-09-05,NaT,NaT,NaT,NaT,NaT,NaT,NaT,NaT,NaT,NaT,NaT,NaT",Bachelor of Computer Application (B.C.A.),Rani Tirumala Devi College of sciences,"Kadapa (district), Andhra Pradesh",,"C, C++","Ms office, Typing speed of 45 wpm, Computer networking, programming C language",Basic Computer Skills / Basic Computer (MS Office and Email) Skills,English (UK) (R W S T),,,,,
617822,2025 - 2026 [upcoming_batch],Male,34,,,,,"NaT,NaT,NaT,NaT,NaT,NaT,NaT,NaT,NaT,NaT,NaT,NaT","NaT,NaT,NaT,NaT,NaT,NaT,NaT,NaT,NaT,NaT,NaT,NaT",,,,,,not good,Medical / Allopathy Doctor,Arabic / الْعَرَبيّة (R W S T),,,,,
617813,2025 - 2026 [upcoming_batch],Male,24,,,,,"NaT,NaT,NaT,NaT,NaT,NaT,NaT,NaT,NaT,NaT,NaT,NaT,NaT,NaT,NaT,NaT,NaT,NaT,NaT","NaT,NaT,NaT,NaT,NaT,NaT,NaT,NaT,NaT,NaT,NaT,NaT,NaT,NaT,NaT,NaT,NaT,NaT,NaT",Bachelor of Science (B.Sc),Nizam college,Hyderabad,Mathematics Physics Chemistry,Preaparing for UPSC,I don't have any computer skills,"Emedia / Active on Social Media,Soft Skills / Enthusiastic,Soft Skills / Fit for Physical Seva","English (AU) (R W S T),Telugu / తెలుగు (R W S T),Hindi / हिंदी (R W S T)",teaching,,,,
617804,2025 - 2026 [upcoming_batch],Female,26,,,,,"NaT,NaT,NaT,NaT,NaT,NaT,NaT,NaT,NaT,NaT,NaT,NaT,NaT,NaT,NaT,NaT,NaT,NaT,NaT,NaT,NaT,NaT,NaT,NaT,NaT,NaT","NaT,NaT,NaT,NaT,NaT,NaT,NaT,NaT,NaT,NaT,NaT,NaT,NaT,NaT,NaT,NaT,NaT,NaT,NaT,NaT,NaT,NaT,NaT,NaT,NaT,NaT","Bachelor of Technology (B.Tech),Bachelor of Arts (B.A.)","Ivan kozeduba airforce university,SRM university","Kharkov ukraine,Chennai","Aerospace technology,English literature",Languages,"Excel,Documentation, PPT,MS Office, Copy writing",Arts and Crafts / Actor,"Tamil (R W S T),English (US) (R W S T),Korean (KR) / 한국어 (KR) (R W S T),Hindi / हिंदी (R W S T),Russian / русский язык (R W S T)",,,,,
617791,2025 - 2026 [upcoming_batch],Male,25,Mahalakshmi Industries,Process Engineer,"Managing the Manufacturing process of Industrial cleaning brushes and adhesives, From raw material procumbent till supply of finished goods.",Manufacturing,"2021-04-01,NaT,NaT,NaT,NaT,NaT,NaT,NaT,NaT,NaT,NaT,NaT,NaT,NaT,NaT,NaT,NaT,NaT,NaT,NaT,NaT,NaT","NaT,NaT,NaT,NaT,NaT,NaT,NaT,NaT,NaT,NaT,NaT,NaT,NaT,NaT,NaT,NaT,NaT,NaT,NaT,NaT,NaT,NaT",Bachelor of Technology (B.Tech),Hindustan University,Chennai,Mechatronics,,3D CAD,Emedia / Active on Social Media,"English (UK) (R W S T),Chinese (Traditional) / 繁體中文 (R W S T)",,,,,
617774,2025 - 2026 [upcoming_batch],Male,22,Mushroom cultivation,I started the agribusiness in the ambitious to revolutionise  the use of modern technology in farming and vared high profit crop cultivation in my local area which will transcend the economic structure of my village areas,I my early stage so i handle the workforces desperately,Agriculture,"2022-09-01,NaT,NaT,NaT,NaT,NaT,NaT,NaT,NaT,NaT,NaT,NaT","NaT,NaT,NaT,NaT,NaT,NaT,NaT,NaT,NaT,NaT,NaT,NaT",Bachelor of Arts (B.A.),University of Allahabad,Prayagraj,Agribusiness,,Yes,Emedia / Active on Social Media,English (UK) (R W S ),,,,,
617744,2025 - 2026 [upcoming_batch],Male,33,"Genpact India,Outbooks Outsourcing Pvt. Ltd,HDB Financial Services Limited","Process Associate,Sr Executive - Business development and Setup,Sales Executive",,"Accounts,Accounts,Banking and Financial Services","2015-05-25,2018-10-17,2021-10-01,NaT,NaT,NaT,NaT,NaT,NaT,NaT,NaT,NaT,NaT,NaT,NaT,NaT,NaT,NaT","2016-10-29,2019-08-03,2022-02-28,NaT,NaT,NaT,NaT,NaT,NaT,NaT,NaT,NaT,NaT,NaT,NaT,NaT,NaT,NaT",Bachelor of Commerce (B.Com),"School of open learning, Delhi University",Delhi,,,"Excel, Ms word",Emedia / Active on Social Media,"Hindi / हिंदी (R W S T),English (UK) (R W S T)",,,,,
617730,2025 - 2026 [upcoming_batch],Male,27,xAble,"Founder, Trainer","Teaching Java, DSA, Full Stack Web Development, Cyber Security",Teaching,"2022-02-25,NaT,NaT,NaT,NaT,NaT,NaT,NaT,NaT,NaT,NaT,NaT","2023-06-25,NaT,NaT,NaT,NaT,NaT,NaT,NaT,NaT,NaT,NaT,NaT",Bachelor of Technology (B.Tech),JNTUA College of Engineering Pulivendula,Kadapa,CSE,,"Microsoft Office 
HTML, CSS, JavaScript, React, Java, Python, CyberSecurity",Engineering / Computer Science Engineer,English (US) (R W S T),,Science,Computer,,
617699,2025 - 2026 [upcoming_batch],Female,22,,,,,"NaT,NaT,NaT,NaT,NaT,NaT,NaT,NaT,NaT,NaT,NaT,NaT","NaT,NaT,NaT,NaT,NaT,NaT,NaT,NaT,NaT,NaT,NaT,NaT",Bachelor of Arts (B.A.),Southfield College Darjeeling,Darjeeling,Geography Honours,,Basic computer skills,Emedia / Active on Social Media,English (US) (R W S T),,,,,
617662,2025 - 2026 [upcoming_batch],Female,27,"Nielsen IQ,Markets and Markets Pvt. Ltd.","Senior analyst,Analyst","Writing and reviewing monthly, weekly reports, calling, data analysis, taking part in consumer research. Preparing questionnaire for research etc.,Preparing various research reports, data forecast, industry forecasting, cold calling, data analysis, and handling client queries.","Consulting,Consulting","2022-08-08,2020-02-17,NaT,NaT,NaT,NaT,NaT,NaT,NaT,NaT,NaT,NaT,NaT,NaT,NaT","NaT,2022-08-06,NaT,NaT,NaT,NaT,NaT,NaT,NaT,NaT,NaT,NaT,NaT,NaT,NaT",Master of Business Administration (M.B.A.),Pune University,Pune,Marketing,,"Well versed with MS office (PPT, word, excel and others)  
Data analysis, managing large amounts of data, working on data portals and more.",Emedia / Active on Social Media,English (UK) (R W S T),,,,,
617657,2025 - 2026 [upcoming_batch],Male,21,,,,,"NaT,NaT,NaT,NaT,NaT,NaT,NaT,NaT,NaT,NaT,NaT,NaT,NaT","NaT,NaT,NaT,NaT,NaT,NaT,NaT,NaT,NaT,NaT,NaT,NaT,NaT",HSC/12,Oxford public school,Ranchi,,,"Basic knowledge of computer programs like MS Word, MS Excel, photoshop, paint",Emedia / Active on Social Media,"Hindi / हिंदी (R W S T),English (UK) (R W S T)",,,,,
617647,2025 - 2026 [upcoming_batch],Male,23,,,,,"NaT,NaT,NaT,NaT,NaT,NaT,NaT,NaT,NaT,NaT,NaT,NaT,NaT","NaT,NaT,NaT,NaT,NaT,NaT,NaT,NaT,NaT,NaT,NaT,NaT,NaT",Bachelor of Business Administration (B.B.A.),"NIMS University Jaipur, Rajasthan India",Jaipur,General,,"Canva, MS Word, To be honest I don't have a lot of computer knowledge just basic things I can do",General / Cook/ Chef,"Hindi / हिंदी (R W S T),English (US) (R W S T)",,,,,
617646,2025 - 2026 [upcoming_batch],Male,29,"Yes bank ltd,ICICI Bank Ltd","Manager,Deputy manager","Affluent Relationship manager, Wealth management of HNI clients,Affluent Relationship manager, Wealth management for HNI Clients","Banking and Financial Services,Banking and Financial Services","2024-09-03,2022-09-15,NaT,NaT,NaT,NaT,NaT,NaT,NaT,NaT,NaT,NaT,NaT,NaT,NaT,NaT","NaT,2024-05-13,NaT,NaT,NaT,NaT,NaT,NaT,NaT,NaT,NaT,NaT,NaT,NaT,NaT,NaT","Bachelor of Commerce (B.Com),Diploma","Jiwaji university,Manipal academy of higher education","Gwalior,Bengaluru","Economics,Banking and finance",,PG Diploma in Computer application,IT / Data Analyst,"Hindi / हिंदी (R W S T),English (UK) (R W S T)",,"Sports,Sports","Cricket,Football",,
617639,2025 - 2026 [upcoming_batch],Male,28,"Tele performance,Tech Mahindra","Customer Service Executive,Sales Advisor","Handling technical customer issues on the front end.,Creating sales pitches and pitching them to the customer for new sales and upsells..","BPO and KPO,Sales","2019-10-01,2021-02-01,NaT,NaT,NaT,NaT,NaT,NaT,NaT,NaT,NaT,NaT,NaT,NaT,NaT,NaT,NaT,NaT,NaT,NaT,NaT,NaT","2020-12-31,2021-06-30,NaT,NaT,NaT,NaT,NaT,NaT,NaT,NaT,NaT,NaT,NaT,NaT,NaT,NaT,NaT,NaT,NaT,NaT,NaT,NaT",Bachelor of Arts (B.A.),Savitribai Phule Pune University,Pune,Psychology and English,,"Beginner Level Python and Java  
MS Office including Word, Excel, Powerpoint",Basic Computer Skills / Basic Computer (MS Office and Email) Skills,"Tamil (R W S T),English (UK) (R W S T),Hindi / हिंदी (R W S T),Telugu / తెలుగు (R W S T),Kannada (R W S T)",,,,,
617631,2025 - 2026 [upcoming_batch],Male,30,Reletive,Medical,Practice in  pharmacy shop,Medical,"2024-06-25,NaT,NaT,NaT,NaT,NaT,NaT,NaT,NaT,NaT,NaT,NaT,NaT,NaT","NaT,NaT,NaT,NaT,NaT,NaT,NaT,NaT,NaT,NaT,NaT,NaT,NaT,NaT",Diploma,Dr.Vijay college of pharmacy,Varanasi,pharmacist,,Diploma (D.F.A) Course,Emedia / Active on Social Media,Hindi / हिंदी (R W S T),,,,,
617548,2025 - 2026 [upcoming_batch],Female,47,,,,,"NaT,NaT,NaT,NaT,NaT,NaT,NaT,NaT,NaT,NaT,NaT,NaT,NaT,NaT","NaT,NaT,NaT,NaT,NaT,NaT,NaT,NaT,NaT,NaT,NaT,NaT,NaT,NaT",Master of Arts (M.A.),Manonmaniam sundaranar,Thirunelvely,No,,No,Emedia / Active on Social Media,Tamil (R W S T),,,,,
617510,2025 - 2026 [upcoming_batch],Male,27,"Beijing PumeiJingshe Culture Co., LTD (now canceled)",Executive designer,"I took charge of graphic designing, exhibition display & guidance, article writing, social media promotion, company culture explanation and some part of creative product designing.",Art,"2016-03-01,NaT,NaT,NaT,NaT,NaT,NaT,NaT,NaT,NaT,NaT,NaT,NaT,NaT,NaT,NaT,NaT,NaT,NaT,NaT,NaT,NaT,NaT,NaT,NaT,NaT,NaT,NaT,NaT,NaT,NaT,NaT,NaT,NaT,NaT,NaT,NaT,NaT,NaT,NaT,NaT,NaT","2018-03-01,NaT,NaT,NaT,NaT,NaT,NaT,NaT,NaT,NaT,NaT,NaT,NaT,NaT,NaT,NaT,NaT,NaT,NaT,NaT,NaT,NaT,NaT,NaT,NaT,NaT,NaT,NaT,NaT,NaT,NaT,NaT,NaT,NaT,NaT,NaT,NaT,NaT,NaT,NaT,NaT,NaT",Bachelor of Arts (B.A.),Liaoning Normal University,Dalian,Chinese Ink Painting,,"Photo Shop, Indesign, DaVinci Resolve (basic), Reaper, 11labs (AI dubbing), WPS, etc.",Arts and Crafts / Actor,English (US) (R W S T),,Arts & Crafts,Painting,,
617452,2025 - 2026 [upcoming_batch],Female,46,KIT's college of engineering,Lecturer,,Teaching,"2024-04-20,NaT,NaT,NaT,NaT,NaT,NaT,NaT,NaT,NaT,NaT,NaT,NaT,NaT,NaT,NaT,NaT,NaT,NaT,NaT","2024-06-05,NaT,NaT,NaT,NaT,NaT,NaT,NaT,NaT,NaT,NaT,NaT,NaT,NaT,NaT,NaT,NaT,NaT,NaT,NaT",Master of Technology (M.Tech),Shivaji university,Kolhapur,Environmental Science,,"MS office, Visual Basics, Basics of C++",Education / English Teacher,English (AU) (R W S T),,,,,
617410,2025 - 2026 [upcoming_batch],Male,33,"Delhi Public School,Many places","Maths faculty,Maths faculty","Class 11th and 12th IIT JEE maths, hostel academic incharge,Board plus IIT JEE maths","Teaching,Teaching","2021-09-27,2013-06-25,NaT,NaT,NaT,NaT,NaT,NaT,NaT,NaT,NaT,NaT,NaT,NaT,NaT","NaT,2021-09-26,NaT,NaT,NaT,NaT,NaT,NaT,NaT,NaT,NaT,NaT,NaT,NaT,NaT",Bachelor of Technology (B.Tech),"GCET, greater Noida",Greater Noida,Electronic and instrumentation Engineering,,Can manage my work.,Education / Mathematics Teacher,"Hindi / हिंदी (R W S T),English (UK) (R W S T)",Badminton and chess,Sports,Others,,
617331,2025 - 2026 [upcoming_batch],Male,23,,,,,"NaT,NaT,NaT,NaT,NaT,NaT,NaT,NaT,NaT,NaT,NaT,NaT","NaT,NaT,NaT,NaT,NaT,NaT,NaT,NaT,NaT,NaT,NaT,NaT",Bachelor of Law (B.L. / LLB),Bennett University,Greater Noida,BBA.LLB,,Well Versed with Microsoft Software,Emedia / Active on Social Media,English (US) (R W S T),,,,,
617305,2025 - 2026 [upcoming_batch],Female,32,Turtle bowl consultant,Hr,,HR and Admin,"2022-07-14,NaT,NaT,NaT,NaT,NaT,NaT,NaT,NaT,NaT,NaT,NaT","2023-07-12,NaT,NaT,NaT,NaT,NaT,NaT,NaT,NaT,NaT,NaT,NaT",Master of Business Administration (M.B.A.),S V university,Tirupati,Hr and marketing,,Yes,Emedia / Active on Social Media,English (UK) (R W S T),"Organizing, travelling",Outdoors and Others,Cooking / Baking,,
617181,2025 - 2026 [upcoming_batch],Male,33,"Connecting the dots,Vedantu innovations","Senior physics faculty,Senior subject matter expert ( physics )","Delivering physics and mathematics lectures and making PPT,Making creative power point presentations for Online classes, preparing content for JEE and NEET exams","Teaching,Teaching","2022-06-01,2019-11-01,NaT,NaT,NaT,NaT,NaT,NaT,NaT,NaT,NaT,NaT,NaT,NaT,NaT,NaT,NaT,NaT,NaT,NaT,NaT,NaT,NaT,NaT,NaT","2023-01-31,2022-04-30,NaT,NaT,NaT,NaT,NaT,NaT,NaT,NaT,NaT,NaT,NaT,NaT,NaT,NaT,NaT,NaT,NaT,NaT,NaT,NaT,NaT,NaT,NaT","Master of Science (M.Sc),Bachelor of Science (B.Sc)","Bangalore university,MES college, Malleswarum, Bangalore","Bangalore,Bengaluru","Nuclear and Particle physics,PCM",,Ms office,Emedia / Active on Social Media,"Kannada (R W S T),English (US) (R W S T),Hindi / हिंदी (R W S )",trekking,Science,Physics,,
617109,2025 - 2026 [upcoming_batch],Female,30,"Dr. Subhash University,Balaji institute of engineering and technology","Assistant professor,Assistant professor","Class coordinator and in co- curricular activities,Class coordinator, in co- curricular activities and coordinator of human values cell","Teaching,Teaching","2022-08-01,2016-09-02,NaT,NaT,NaT,NaT,NaT,NaT,NaT,NaT,NaT,NaT,NaT,NaT,NaT,NaT,NaT,NaT,NaT,NaT,NaT","NaT,2022-07-30,NaT,NaT,NaT,NaT,NaT,NaT,NaT,NaT,NaT,NaT,NaT,NaT,NaT,NaT,NaT,NaT,NaT,NaT,NaT","Master of Arts (M.A.),Bachelor of Education (B.Ed.)","H.M. Patel Institute of English Training and Research,Shri. J.K.M. B.ed college","Vallbh Vidyanagar,Junagadh","English language,English",,Basic computer knowledge,"Education / English Teacher,Education / Social Science Teacher,Education / Teacher - Others","Gujarati / ગુજરાતી (R W S T),Hindi / हिंदी (R W S ),English (UK) (R W S T)",,,,,
617105,2025 - 2026 [upcoming_batch],Female,34,"Suzhou Trust Co., Ltd,Guojin Securities Co., Ltd","Project Manager,Financial Consultant","1. Assist the department manager in developing trust project resources, be responsible for project screening, efficiently complete trust product scheme design and project approval.  2. Independently carry out and fully complete the project due diligence report, have a comprehensive and in-depth understanding of the overall situation of the project, assist the company in compliance, risk control, and legal affairs to complete the entire process of project approval;  3. Write legal contract texts, complete trust contract signing;independently complete project mortgage, pledge, notarization and other procedures.  4. As the first responsible person, responsible for the process management and post-project liquidation of the trust project.,Financial Marekt provides personalized Asset Allocation services to high net worth individuals.  2. Maintain and develop existing customers, expand incremental customers, analyze and tap customer needs, and provide comprehensive Asset Allocation plans and services based on customer risk tolerance.  3. Customer Relationship Management and Investor Education to train customers to become rational, professional and healthy investors.","Finance,Finance","2013-07-01,2019-08-01,NaT,NaT,NaT,NaT,NaT,NaT,NaT,NaT,NaT,NaT,NaT,NaT,NaT,NaT,NaT,NaT,NaT,NaT,NaT,NaT,NaT,NaT,NaT,NaT,NaT,NaT,NaT,NaT,NaT,NaT,NaT,NaT,NaT,NaT,NaT,NaT,NaT,NaT,NaT","2019-07-30,2024-07-19,NaT,NaT,NaT,NaT,NaT,NaT,NaT,NaT,NaT,NaT,NaT,NaT,NaT,NaT,NaT,NaT,NaT,NaT,NaT,NaT,NaT,NaT,NaT,NaT,NaT,NaT,NaT,NaT,NaT,NaT,NaT,NaT,NaT,NaT,NaT,NaT,NaT,NaT,NaT","Master of Business Administration (M.B.A.),Bachelor - Other","Tianjin University,Dalian University of Technology",,,,familiar with Office application software,Corporate / Financial & Accounting Manager,English (US) (R W S T),"Hiking, Ping-pong",Sports,Others,,
617088,2025 - 2026 [upcoming_batch],Male,38,"Ebix Australia,Ebix India","Business Analyst / Software Tester,Business Analyst / Software Tester",,"Insurance,Insurance","2019-03-11,2015-02-23,NaT,NaT,NaT,NaT,NaT,NaT,NaT,NaT,NaT,NaT,NaT,NaT,NaT,NaT,NaT,NaT,NaT,NaT,NaT","NaT,2019-01-07,NaT,NaT,NaT,NaT,NaT,NaT,NaT,NaT,NaT,NaT,NaT,NaT,NaT,NaT,NaT,NaT,NaT,NaT,NaT",Bachelor of Science (B.Sc),Western International University,Phoenix,,,"Confluence, Jira, basic MS Office",IT / IT - Others,English (US) (R W S T),,,,,
617026,2025 - 2026 [upcoming_batch],Male,37,Gouripur sri sri Ramkrishna Vidyapith (H.S),Computer operator,Office work in school,Others,"2014-01-01,NaT,NaT,NaT,NaT,NaT,NaT,NaT,NaT,NaT,NaT,NaT,NaT,NaT,NaT","NaT,NaT,NaT,NaT,NaT,NaT,NaT,NaT,NaT,NaT,NaT,NaT,NaT,NaT,NaT",Bachelor of Commerce (B.Com),Uluberia College,Uluberia,Pass,,"Diploma in IT , Tally, etc","Basic Computer Skills / Basic Computer (MS Office and Email) Skills,Soft Skills / Enthusiastic","Bengali / বাংলা (R W S T),Hindi / हिंदी (R W S ),English (US) (R W S T)",,,,,
616996,2025 - 2026 [upcoming_batch],Male,18,"Isha Foundation,Isha Foundation","Calling Volunteer,Calling Volunteer","Calling to all Isha participate, Volunteer at Isha program like International day of yoga in Muzaffarpur, Hall set-up,Calling to Isha Meditator for August satsang In Patna","Others,Others","2024-06-01,2024-07-20,NaT,NaT,NaT,NaT,NaT,NaT,NaT,NaT,NaT,NaT,NaT,NaT,NaT,NaT,NaT,NaT,NaT,NaT,NaT,NaT,NaT,NaT","2024-06-22,2024-08-05,NaT,NaT,NaT,NaT,NaT,NaT,NaT,NaT,NaT,NaT,NaT,NaT,NaT,NaT,NaT,NaT,NaT,NaT,NaT,NaT,NaT,NaT",HSC/12,Bihar School Examination Board Patna,Patna,Inter of Science,,Basic Computer Knowledge,Emedia / Active on Social Media,"Hindi / हिंदी (R W S T),English (UK) (R W S T),Sanskrit (R W S T)",,,,,
616953,2025 - 2026 [upcoming_batch],Male,23,"Shufersal,GroundworkBioAG","Cashier,Production, packaging and R&D departments",,"Retail,Agriculture","2019-10-10,2022-02-02,NaT,NaT,NaT,NaT,NaT,NaT,NaT,NaT,NaT,NaT,NaT,NaT,NaT,NaT,NaT,NaT,NaT,NaT,NaT,NaT,NaT,NaT,NaT,NaT,NaT,NaT,NaT","2020-02-02,2024-02-02,NaT,NaT,NaT,NaT,NaT,NaT,NaT,NaT,NaT,NaT,NaT,NaT,NaT,NaT,NaT,NaT,NaT,NaT,NaT,NaT,NaT,NaT,NaT,NaT,NaT,NaT,NaT",Other,Ben Gurion High School,Petah Tikva,Bagrut certificate,,I know how to work with translation and video editing apps and social media channels from my GLP seva.,"Emedia / Social Media Campaigns,Media and Communication / Translator,Arts and Crafts / Video Editor",English (US) (R W S T),"He enjoys reading, especially autobiographies",Communication,Others,,
616920,2025 - 2026 [upcoming_batch],Female,56,"BMC Software, Inc,Infromix Software","Global Director of Sales,Inside Sales rep & Operations","Manage teams in the different regions in the world to upsell and cross sell solutions to maximize the review and attain yearly targets of over 700M usd,Qualify leads across the Latin America region and secure the continuity of the operations for the solutions in Latin America","Sales,Sales","2002-04-23,1998-04-15,NaT,NaT,NaT,NaT,NaT,NaT,NaT,NaT,NaT,NaT,NaT,NaT,NaT,NaT,NaT,NaT,NaT,NaT,NaT,NaT,NaT,NaT,NaT,NaT,NaT,NaT,NaT,NaT,NaT","NaT,2002-02-13,NaT,NaT,NaT,NaT,NaT,NaT,NaT,NaT,NaT,NaT,NaT,NaT,NaT,NaT,NaT,NaT,NaT,NaT,NaT,NaT,NaT,NaT,NaT,NaT,NaT,NaT,NaT,NaT,NaT",Undergraduate,Escuela Libre de Derecho,Mexico,Law,,Proficient in all MS apps. PC and Mac.,"Corporate / Marketing & Branding Manager,Corporate / Sales Manager,Soft Skills / Soft-spoken and cordial","English (US) (R W S T),Portuguese (BR) / Português (BR) (R W S T)",,"Communication,Arts & Crafts,Arts & Crafts","Public Speaking,Drawing,Painting",,
616897,2025 - 2026 [upcoming_batch],Male,30,GGAM & Associates LLP,Managing Partner,"To Manage overall our Firm, take decisions on behalf of all the partners.",Accounts,"2017-07-24,NaT,NaT,NaT,NaT,NaT,NaT,NaT,NaT,NaT,NaT,NaT,NaT,NaT,NaT,NaT,NaT,NaT,NaT,NaT,NaT,NaT","NaT,NaT,NaT,NaT,NaT,NaT,NaT,NaT,NaT,NaT,NaT,NaT,NaT,NaT,NaT,NaT,NaT,NaT,NaT,NaT,NaT,NaT","Other,Bachelor of Commerce (B.Com)","Institute of chartered Accountants of India,Rajasthan University","Jaipur,Sikar","Legal Compliance and Financial Due diligence,Accounting and Books Finilzation",Handles litigation cases ,Best.,Accounting / Chartered Accountant,"English (US) (R W S T),Hindi / हिंदी (R W S T),Marwadi (R W S T)",,Sports,Others,,
616845,2025 - 2026 [upcoming_batch],Female,50,"Oxford Pharmagenesis Ltd,H Young Holdings PLC","Accountant,Head office Assistant Account","Overseeing transactional accounting, month end close/reporting, multi currency bank accounts and intercompany reconciliation,Overseeing transactional accounting, payment runs, multi currency bank reconciliations, assisting treasury and month end close processes","Pharma and Biotech,Import and Export","2020-04-14,2018-01-07,NaT,NaT,NaT,NaT,NaT,NaT,NaT,NaT,NaT,NaT,NaT,NaT,NaT,NaT,NaT,NaT","2022-10-07,2020-04-13,NaT,NaT,NaT,NaT,NaT,NaT,NaT,NaT,NaT,NaT,NaT,NaT,NaT,NaT,NaT,NaT",Other,ACCA,Reading,Chartered Accountant,,"I used to work as an Accountant. Therefore I am proficient in MS Excel; confident in using PowerPoint, MS Words, Outlook. I am also familiar with various EPS-s.",Basic Computer Skills / Basic Computer (MS Office and Email) Skills,English (UK) (R W S T),,Arts & Crafts,Knitting/ Sewing,,
616757,2025 - 2026 [upcoming_batch],Female,28,"DGR Consultancy,Rajasankar Tax Consultancy","Assistant accountant,Assistant accountant","Filing monthly VAT & CST returns,Filing GST & IT returns","Accounts,Accounts","2016-10-01,2018-03-01,NaT,NaT,NaT,NaT,NaT,NaT,NaT,NaT,NaT,NaT,NaT,NaT,NaT,NaT,NaT,NaT,NaT,NaT,NaT,NaT,NaT,NaT,NaT","2017-07-31,2022-08-07,NaT,NaT,NaT,NaT,NaT,NaT,NaT,NaT,NaT,NaT,NaT,NaT,NaT,NaT,NaT,NaT,NaT,NaT,NaT,NaT,NaT,NaT,NaT",Bachelor of Commerce (B.Com),Lady Doak College,Madurai,Banking & Insurance,,"Tally, MS Office, Google Drive, English and Tamil typing.",Emedia / Active on Social Media,"Tamil (R W S T),English (US) (R W S T)",,,,,
616721,2025 - 2026 [upcoming_batch],Male,28,"IMM,Buchhaltungs büro Hamburg,Fetzio(freelancer)","Social worker,Assisstant,Assistant and trainee","I take care of children and youth under 18 who have mental illness and who's coming from bad family situations,Helping and doing the pre work of the taxes that the accounter needs to work on,Dealing with all that has to do with gardening,  wall painting, flooring, bathrooms and constructing furniture","Healthcare,Accounts,Construction and Engineering","2023-02-01,2022-10-10,2021-07-22,NaT,NaT,NaT,NaT,NaT,NaT,NaT,NaT,NaT,NaT,NaT,NaT,NaT,NaT,NaT,NaT,NaT,NaT,NaT,NaT,NaT,NaT,NaT,NaT,NaT,NaT,NaT","NaT,2023-02-01,2022-09-01,NaT,NaT,NaT,NaT,NaT,NaT,NaT,NaT,NaT,NaT,NaT,NaT,NaT,NaT,NaT,NaT,NaT,NaT,NaT,NaT,NaT,NaT,NaT,NaT,NaT,NaT,NaT",,,,,"Healthcare assistant, working with children with mental ailments",I know basics of using Computer as well as using some isha platforms(Santosha and PMS),"Accounting / Basic Accountancy,Construction & Fabrication / Construction - Others","English (UK) (R W S T),German / Deutsch (R W S T)",Taking kalaripayattu classes online once a week,Sports,Others,,
616712,2025 - 2026 [upcoming_batch],Female,35,"Falken Tyre Europe GmbH,Ernst & Young GmbH","Tax Specialist,Tax Consultant","VAT Reports and related, clearing and monitoring tax accounts","Accounts,Banking and Financial Services","2019-07-01,2016-10-03,NaT,NaT,NaT,NaT,NaT,NaT,NaT,NaT,NaT,NaT,NaT,NaT,NaT,NaT,NaT,NaT,NaT,NaT,NaT,NaT,NaT,NaT","NaT,2019-06-30,NaT,NaT,NaT,NaT,NaT,NaT,NaT,NaT,NaT,NaT,NaT,NaT,NaT,NaT,NaT,NaT,NaT,NaT,NaT,NaT,NaT,NaT",,,,,,"Microsoft Excel, Word, SAP",Accounting / Basic Accountancy,"German / Deutsch (R W S T),English (US) (R W S T)",Dancing ,Sports,Others,,
616688,2025 - 2026 [upcoming_batch],Female,53,"Different studios and sport clubs, and now in my own studio,Seguros Monterrey","Professor and now also managing my own studio,Agent","Teach trx suspention training pilates postural & breathing therapy meditación techniques trampoline,Insurance sales","Teaching,Sales","1999-09-01,1997-01-02,NaT,NaT,NaT,NaT,NaT,NaT,NaT,NaT,NaT,NaT,NaT,NaT,NaT","NaT,2000-04-01,NaT,NaT,NaT,NaT,NaT,NaT,NaT,NaT,NaT,NaT,NaT,NaT,NaT",Bachelor - Other,Internacional de idiomas,Mexico,Interpreter traducer,Is it a fitness teacher - pilates etc (runs a studio),Intermediate,"Education / English Teacher,Soft Skills / Fit for Physical Seva",English (US) (R W S T),"Pilates, Therapeutic breathing etc","Sports,Outdoors and Others","Others,Gardening",,
616496,2025 - 2026 [upcoming_batch],Male,25,Serenity Soffit Pty Ltd,Owner/CEO,"Project management, site management, business management, financials, accounting, book keeping, etc,.",Construction and Engineering,"2021-03-01,NaT,NaT,NaT,NaT,NaT,NaT,NaT,NaT,NaT,NaT,NaT,NaT,NaT,NaT,NaT,NaT,NaT,NaT","2024-07-01,NaT,NaT,NaT,NaT,NaT,NaT,NaT,NaT,NaT,NaT,NaT,NaT,NaT,NaT,NaT,NaT,NaT,NaT",Diploma,Swinburne,Melbourne,Sports Leadership and Development,"Book keeping, admin, accounting, business management","Book keeping, admin, accounting, business management",Engineering / Computer Science Engineer,English (AU) (R W S T),Hicking and rock climbing,Sports,Others,,
616370,2025 - 2026 [upcoming_batch],Male,23,,,,,"NaT,NaT,NaT,NaT,NaT,NaT,NaT,NaT,NaT,NaT,NaT,NaT,NaT,NaT,NaT,NaT,NaT,NaT,NaT,NaT,NaT,NaT","NaT,NaT,NaT,NaT,NaT,NaT,NaT,NaT,NaT,NaT,NaT,NaT,NaT,NaT,NaT,NaT,NaT,NaT,NaT,NaT,NaT,NaT",Bachelor of Medicine and Bachelor of Surgery (M.B.B.S.),Apollo medical college,Hyderabad,MBBS only,,Have known basic computer skills like Microsoft power point/word.,"Medical / Allopathy Doctor,Basic Computer Skills / Basic Computer (MS Office and Email) Skills","English (US) (R W S T),Hindi / हिंदी (R W S T),Telugu / తెలుగు (R W S T)",,Communication,Soft Skills training,,
616341,2025 - 2026 [upcoming_batch],Male,27,"Gulbarga institute of medical sciences,Fortis Nagarbhavi","Postgraduate trainee in Orthopaedics,Resident in the Department of Emergency","Involves treating patients with bone fractures, operating and rehabilitating them.,Looking after acute emergencies, Road traffic accident patients, COVID 19 infected patients as first responder. Providing them with immediate life saving treatment and referring them to needed speciality .","Healthcare,Healthcare","2021-03-01,2020-07-20,NaT,NaT,NaT,NaT,NaT,NaT,NaT,NaT,NaT,NaT,NaT,NaT,NaT,NaT,NaT,NaT,NaT,NaT,NaT,NaT,NaT,NaT,NaT,NaT","NaT,2020-12-07,NaT,NaT,NaT,NaT,NaT,NaT,NaT,NaT,NaT,NaT,NaT,NaT,NaT,NaT,NaT,NaT,NaT,NaT,NaT,NaT,NaT,NaT,NaT,NaT",Bachelor of Medicine and Bachelor of Surgery (M.B.B.S.),S NIJALINGAPPA MEDICAL COLLEGE AND HSK HOSPITAL AND RESEARCH CENTRE,Bengaluru,Doctor (Pursuing post graduation),,Using Power point and Word document .,"Medical / Allopathy Doctor,Basic Computer Skills / Basic Computer (MS Office and Email) Skills","Kannada (R W S ),English (UK) (R W S T),Hindi / हिंदी (R W S ),Telugu / తెలుగు (  S )",Nothing. Just busy with work and studies.,,,,
616198,2025 - 2026 [upcoming_batch],Male,32,शेती,शेती,काही नाही,Agriculture,"2023-12-07,NaT,NaT,NaT,NaT,NaT,NaT,NaT,NaT,NaT,NaT,NaT,NaT,NaT","NaT,NaT,NaT,NaT,NaT,NaT,NaT,NaT,NaT,NaT,NaT,NaT,NaT,NaT",Bachelor of Arts (B.A.),Kala mahavidyalay bidkin,Bidkin,Aurangabad,,Mscit,Emedia / Active on Social Media,"Marathi (R W S T),Marathi (R W S T)",,,,,
616186,2025 - 2026 [upcoming_batch],Female,31,,,,,"NaT,NaT,NaT,NaT,NaT,NaT,NaT,NaT,NaT,NaT,NaT,NaT,NaT,NaT,NaT,NaT,NaT,NaT,NaT,NaT,NaT,NaT","NaT,NaT,NaT,NaT,NaT,NaT,NaT,NaT,NaT,NaT,NaT,NaT,NaT,NaT,NaT,NaT,NaT,NaT,NaT,NaT,NaT,NaT",Master of Business Administration (M.B.A.),NAEMD,mumbai,Event management,Macrame products hand made ,"Ms word, PowerPoint, excel.",General / Event Manager,English (US) (R W S T),,,,,
616159,2025 - 2026 [upcoming_batch],Male,36,"SPA,Accenture","Project Manager,Application Development Lead",,"IT,IT","2023-06-04,2011-06-01,NaT,NaT,NaT,NaT,NaT,NaT,NaT,NaT,NaT,NaT,NaT,NaT,NaT,NaT,NaT,NaT,NaT,NaT","NaT,2021-06-11,NaT,NaT,NaT,NaT,NaT,NaT,NaT,NaT,NaT,NaT,NaT,NaT,NaT,NaT,NaT,NaT,NaT,NaT",Bachelor of Engineering (B.E.),Bharati Vidyapeeth College of engineering,Belapur,Electronics and Telecommunication,,"Excel, Powerpoint, Word, Python- Pandas, SQL, Python-Programming, AI ML",Emedia / Active on Social Media,"English (UK) (R W S T),Hindi / हिंदी (R W S )",,,,,
616060,2025 - 2026 [upcoming_batch],Male,21,,,,,"NaT,NaT,NaT,NaT,NaT,NaT,NaT,NaT,NaT,NaT,NaT,NaT,NaT,NaT,NaT,NaT,NaT,NaT,NaT,NaT,NaT","NaT,NaT,NaT,NaT,NaT,NaT,NaT,NaT,NaT,NaT,NaT,NaT,NaT,NaT,NaT,NaT,NaT,NaT,NaT,NaT,NaT","SSLC/10,Undergraduate","ekalavya high school,cvr college of engineering","nalgonda,hyderabad",computer science,,"i know how to operate a computer, typing and know coding in java,python and c languages","Others / Air Force,Soft Skills / Enthusiastic,Soft Skills / Soft-spoken and cordial","English (UK) (R W S T),Hindi / हिंदी (R W S T)",,,,,
615981,2025 - 2026 [upcoming_batch],Male,21,,,,,"NaT,NaT,NaT,NaT,NaT,NaT,NaT,NaT,NaT,NaT,NaT,NaT,NaT","NaT,NaT,NaT,NaT,NaT,NaT,NaT,NaT,NaT,NaT,NaT,NaT,NaT",Bachelor of Technology (B.Tech),SRM Institute of Science and Technology,Chennai,Aerospace Engineering,,"Skills in MS Office, Video and photo editing, Computer Aided Design (CAD) and Computaitional Fluid Dynamics (CFD). 
Basic level coding in python and html",Emedia / Active on Social Media,English (UK) (R W S T),,,,,
615951,2025 - 2026 [upcoming_batch],Male,23,,,,,"NaT,NaT,NaT,NaT,NaT,NaT,NaT,NaT,NaT,NaT,NaT,NaT,NaT,NaT,NaT","NaT,NaT,NaT,NaT,NaT,NaT,NaT,NaT,NaT,NaT,NaT,NaT,NaT,NaT,NaT",HSC/12,BIHAR SCHOOL EXAMINATION BORD,KATIHAR,SCIENCE,,I do not have any proper computer skill yet.,"Construction & Fabrication / Construction Supervisor,Arts and Crafts / Painter","Hindi / हिंदी (R W S ),English (UK) (R W S )",,,,,
615888,2025 - 2026 [upcoming_batch],Female,28,Portuguese Air force,Military Air force Policeman,"Policeman, protecting Aircraft",Defence Jobs,"2016-11-14,NaT,NaT,NaT,NaT,NaT,NaT,NaT,NaT,NaT,NaT,NaT,NaT,NaT,NaT","2024-10-16,NaT,NaT,NaT,NaT,NaT,NaT,NaT,NaT,NaT,NaT,NaT,NaT,NaT,NaT",Bachelor - Other,Colégio Dr Luís Pereira da Costa,Monte redondo,SCience and tecnology,"Worked in the military in security. 
",Basic,Soft Skills / Fit for Physical Seva,"Portuguese / Português (R W S T),Spanish / Español (R W S T),English (US) (R W S T),French / Français (R  S )",Psychology,Sports,Running,,
615788,2025 - 2026 [upcoming_batch],Male,26,"independent,independent","lawyer,financial analyst","drafting legal documents , assisting senior counsel.,analysing micro - macro finance , deploy money in capital market.","Legal,Finance","2020-01-07,2019-03-01,NaT,NaT,NaT,NaT,NaT,NaT,NaT,NaT,NaT,NaT,NaT,NaT","2024-09-01,2024-09-26,NaT,NaT,NaT,NaT,NaT,NaT,NaT,NaT,NaT,NaT,NaT,NaT",Bachelor of Law (B.L. / LLB),pune university,nashik,commercial law,Stock trader on capital market,intermediate.,General / Lawyer,English (US) (R W S T),,Communication,Soft Skills training,,
615769,2025 - 2026 [upcoming_batch],Male,26,"Group 99 Security services,Compass Group India","Proprietor,Manager",,"Others,Hospitality","2021-10-31,2018-07-02,NaT,NaT,NaT,NaT,NaT,NaT,NaT,NaT,NaT,NaT,NaT,NaT,NaT,NaT,NaT","NaT,2021-10-30,NaT,NaT,NaT,NaT,NaT,NaT,NaT,NaT,NaT,NaT,NaT,NaT,NaT,NaT,NaT",Bachelor - Other,Institute of Hotel Management,Hyderabad,Food and beverage production and management,,Good with basic MS office and Excel.,Emedia / Active on Social Media,"Kannada (R W S ),Telugu / తెలుగు (R  S ),Hindi / हिंदी (R W S ),English (AU) (R W S T)",,,,,
615768,2025 - 2026 [upcoming_batch],Male,39,"Quest global,Intel Technologies","Technical Architect,Lead Verification engineer","Holding the responsibilities of defining architecture to delivering the product with team,Driving team with holding the full end to end block delivering","Others,Others","2023-12-11,2020-04-13,NaT,NaT,NaT,NaT,NaT,NaT,NaT,NaT,NaT,NaT,NaT,NaT,NaT,NaT","2023-12-08,NaT,NaT,NaT,NaT,NaT,NaT,NaT,NaT,NaT,NaT,NaT,NaT,NaT,NaT,NaT",Bachelor of Engineering (B.E.),Panimalar engineering college,chennai,EEE,,"linux , programming , microsoft word/excel ....etc",Engineering / Engineering - Others,"Telugu / తెలుగు (R W S T),English (US) (R W S T)",,"Sports,Sports","Cricket,Badminton",,
615638,2025 - 2026 [upcoming_batch],Male,29,"Dolatel,Ast ug.","Interpreter,Mechanik",French and two African languages to German interpreter,"Others,Automobiles","2022-11-08,2016-02-01,NaT,NaT,NaT,NaT,NaT,NaT,NaT,NaT,NaT,NaT,NaT,NaT,NaT,NaT,NaT,NaT,NaT","NaT,2020-02-29,NaT,NaT,NaT,NaT,NaT,NaT,NaT,NaT,NaT,NaT,NaT,NaT,NaT,NaT,NaT,NaT,NaT",Other,Bos Technick Augsburg,Augsburg,technical vocational diploma,,Basic knowledge,Soft Skills / Fit for Physical Seva,French (BE) / Français (BE) (R W S T),,Sports,Others,,
615524,2025 - 2026 [upcoming_batch],Female,25,"NIC ASIA,UNDP , Nepal,Wisee Media","Administrative Assistant,Administrative Assistant,Assistant Client Success Manager","Collection of deposits from several organizations in Kathmandu, Relationship Management with recurring depositors, Marketing of different banking deposit services,Worked in STLRP ( Sustainable Tourism for Livelihood Recovery Project) , Data Analysis and Management, Writing project reports and documentation for UNDP , Site Visit Analysis and Report Making, Assisted in Woman Empowerment Initiative- Trekking guide training for women,Content and Email Marketing, Conducting daily team coordination calls, Human Resource Management, Revenue and Expenses Analysis","Banking and Financial Services,Others,Sales","2020-05-05,2022-04-01,2023-01-01,NaT,NaT,NaT,NaT,NaT,NaT,NaT,NaT,NaT,NaT,NaT,NaT,NaT,NaT,NaT,NaT,NaT","2020-11-30,2022-09-30,2023-08-31,NaT,NaT,NaT,NaT,NaT,NaT,NaT,NaT,NaT,NaT,NaT,NaT,NaT,NaT,NaT,NaT,NaT",Bachelor of Business Administration (B.B.A.),"Apex College, affiliated to Pokhara University",Kathmandu,Banking and Insurance,"She knows Canva, a little bit of Graphic designing","MS word , Excel , Google Docs, Google Sheets , Graphic Designing","Corporate / HR Executive,Emedia / Social Media Campaigns","Nepali (R W S T),English (US) (R W S T)",,Communication,Poetry,,
615474,2025 - 2026 [upcoming_batch],Female,35,"University College of London Hospitals,Northwest London Hospitals","Nurse Educator,Nurse Educator","Training and Education for Nursing Staff,Training and Education for staff and student nurses","Healthcare,Healthcare","2023-02-01,2020-10-18,NaT,NaT,NaT,NaT,NaT,NaT,NaT,NaT,NaT,NaT,NaT,NaT,NaT,NaT,NaT,NaT","2023-01-31,NaT,NaT,NaT,NaT,NaT,NaT,NaT,NaT,NaT,NaT,NaT,NaT,NaT,NaT,NaT,NaT,NaT",Bachelor of Science (B.Sc),University of Santo Tomas,Manila,Nursing,,MS Teams/ Microsoft 365 / Microsoft Office / Zoom Chat,"Basic Computer Skills / Basic Computer (MS Office and Email) Skills,Soft Skills / Strong Interpersonal skills (Coordinator)",English (UK) (R W S T),"Gardening, baking and cooking",Outdoors and Others,Gardening,,
615421,2025 - 2026 [upcoming_batch],Female,39,"Veritas Technologies Pvt. Ltd.,GS Lab Pvt. Ltd.,Sureline Systems","Sr. Software Engineer,Software Engineer,Jr. Software Engineer","Responsible for application Build & Release process which includes Code Compilation, Packaging, Security Scanning and code quality scanning, Deployment and Application Configuration","IT,IT,IT","2015-10-15,2014-02-01,2011-10-01,NaT,NaT,NaT,NaT,NaT,NaT,NaT,NaT,NaT,NaT,NaT,NaT,NaT,NaT,NaT,NaT,NaT,NaT","NaT,2015-09-30,2014-01-31,NaT,NaT,NaT,NaT,NaT,NaT,NaT,NaT,NaT,NaT,NaT,NaT,NaT,NaT,NaT,NaT,NaT,NaT",Master of Science (M.Sc),Sikkim Manipal University,,,,"software engineer good at devops skillset like python, aws, kubernetes etc.",Emedia / Active on Social Media,"English (UK) (R W S T),Hindi / हिंदी (R W S T)",,,,,
615413,2025 - 2026 [upcoming_batch],Male,33,,,,,"NaT,NaT,NaT,NaT,NaT,NaT,NaT,NaT,NaT,NaT,NaT,NaT","NaT,NaT,NaT,NaT,NaT,NaT,NaT,NaT,NaT,NaT,NaT,NaT",Bachelor of Commerce (B.Com),Ggct,Jabalpur,Account,,Yes I have,Emedia / Active on Social Media,Hindi / हिंदी (R W S T),,,,,
615254,2025 - 2026 [upcoming_batch],Female,30,"Deloitte USI,Adfactors PR,Genesis BCW,Hamar Jharkhand,Shruti Visual information private limited","Senior Analyst,Senior account executive,Senior account executive,Public relations executive,Content writer","• Spearhead the development and execution of marketing content strategies, collaborating with cross-functional teams to align with campaign objectives. • Ensure service excellence by defining campaign goals, adhering to legal and brand standards, and facilitating seamless content dissemination across channels. • Lead talent management initiatives, fostering collaboration and knowledge sharing within the marketing team. • Contribute to measuring marketing effectiveness, compiling metrics, and preparing impactful campaign impact reports. • Build relationships within the marketing community and facilitate effective project management with internal teams.,PR for pharma and medical technology verticals on clients like Astra Zeneca, Intuitive Surgical India, Healthium, AYU Health and Apollo Hospitals. • Cultivate relationships with media to optimize coverage for clients in the pharma and medical technology sectors. • Maintain brand standards and consistency across projects, providing guidance on design, copy, and content needs. • Manage internal and external communications, crisis communications, and oversee social media platforms. • Evaluate performance data, regulating reporting across businesses on a monthly basis.,PR for technology and pharma verticals on clients like Viatris Inc, Novartis, The Himalaya Wellness Company, Nestle, MedGenome India, Rotary International, WHO’s COVID Vaccine Project, DKMS BMST Foundation India, Intel, and Accenture.  • Optimize press coverage for clients in technology and pharma sectors through effective media communication. • Support Global Advisory eminence programs, managing end-to-end project management, tracking, and reporting. • Evaluate performance data, ensuring regular reporting across businesses. • Develop and maintain critical communication operations documents and best practice processes.,PR for Information and Public Relation Department (PRD) of Jharkhand Government  • Drive public awareness by disseminating government policies, programs, and achievements. • Analyze public perception and feedback, facilitating quick responses through media. • Coordinate media reporting of government functions and organize inter-state visits for journalists.,Content creation for Jharkhand Legislative Assembly  • Produce diverse content types, including press releases, speeches, social media posts, and white papers. • Manage a blog, pitch articles to third-party platforms, and collaborate with other departments for innovative content ideas.","Marketing,Media,Media,Media,Media","2023-02-13,2022-02-10,2022-10-01,2016-08-01,2013-02-01,NaT,NaT,NaT,NaT,NaT,NaT,NaT,NaT,NaT,NaT,NaT,NaT,NaT,NaT,NaT","NaT,2023-02-02,2023-02-01,2019-01-01,2015-03-01,NaT,NaT,NaT,NaT,NaT,NaT,NaT,NaT,NaT,NaT,NaT,NaT,NaT,NaT,NaT",Bachelor of Commerce (B.Com),Ranchi University,Ranchi,Accountancy,communication skills ,"1. Adobe Creative Cloud – Proficient in using Adobe tools like Photoshop and Illustrator for content creation and design. 
2. Tableau – Skilled in using Tableau for data visualization and marketing performance analysis. 
3. Sprinklr – Experienced in managing social media and analyzing performance through Sprinklr. 
4. Google Ads – Proficient in creating and optimizing Google Ads campaigns for lead generation and visibility. 
5. HubSpot – Experienced in using HubSpot for content management and campaign execution. 
6. WordPress – Familiar with navigating WordPress for basic content updates and management. 
7. Microsoft Office Suite – Advanced skills in MS Excel (including advanced functions), Word, and PowerPoint for reporting, analysis, and presentations. 
8. Canva – Skilled in using Canva for graphic design and social media content creation.","Emedia / Active on Social Media,Media and Communication / Communication Trainer","English (UK) (R W S T),English (US) (R W S T),Hindi / हिंदी (R W S T),Punjabi (   T)",plating with pet  dogs ,,,,
615252,2025 - 2026 [upcoming_batch],Male,32,,,,,"NaT,NaT,NaT,NaT,NaT,NaT,NaT,NaT,NaT,NaT,NaT,NaT,NaT,NaT,NaT,NaT,NaT,NaT,NaT,NaT,NaT","NaT,NaT,NaT,NaT,NaT,NaT,NaT,NaT,NaT,NaT,NaT,NaT,NaT,NaT,NaT,NaT,NaT,NaT,NaT,NaT,NaT",Bachelor of Arts (B.A.),Rajasthan University,Jaipur,,,Depends on the work that is provided to me,Emedia / Active on Social Media,English (AU) (R W  ),,,,,
615221,2025 - 2026 [upcoming_batch],Female,25,"COUNCIL OF SCIENTIFIC AND INDUSTRIAL RESEARCH-CEERI,TATA CONSULTANCY SERVICES","PROJECT ASSOCIATE,ASSISTANT SYSTEM ENGINEER","RESEARCH,DEVELOPMENT AND TESTING","Research and Development,IT","2024-01-30,2021-07-08,NaT,NaT,NaT,NaT,NaT,NaT,NaT,NaT,NaT,NaT,NaT,NaT,NaT,NaT,NaT,NaT,NaT","NaT,2022-07-08,NaT,NaT,NaT,NaT,NaT,NaT,NaT,NaT,NaT,NaT,NaT,NaT,NaT,NaT,NaT,NaT,NaT",Bachelor of Technology (B.Tech),RAJIV GANDHI PROUDYOGIKI VISHWAVIDYALAY,BHOPAL,COMPUTER SCIENCE ENGINEERING,,"Microsoft Office Suite: Word, Excel, PowerPoint, Outlook 
Google Workspace: Docs, Sheets, Slides, Drive 
Programming Languages: C, C++ 
SQL Databases: MySQL 
OS Experience: Windows, macOS",Engineering / Computer Science Engineer,"English (US) (R W S T),English (UK) (R W S T),English (AU) (R W S T),English (CA) (R W S T),Hindi / हिंदी (R W S T),Nepali (R W S T)",,"Communication,Outdoors and Others","Poetry,Cooking / Baking",,
615208,2025 - 2026 [upcoming_batch],Female,35,"IKS Health Pvt Ltd,GeBBs Healthcare Solutions Pvt Ltd,Omega Healthcare Pvt Ltd","Senior Manager,Trainer,Team Leader","Client communication, Medical coding, Working with a team of 80 coders,Medical coding training for new and experienced associates,Started as a fresher and scaled upto Team coach and Team Leader in the field of Medical coding","BPO and KPO,BPO and KPO,BPO and KPO","2021-03-22,2016-04-04,2011-10-17,NaT,NaT,NaT,NaT,NaT,NaT,NaT,NaT,NaT,NaT,NaT,NaT,NaT,NaT,NaT,NaT,NaT,NaT","2021-03-08,2015-12-25,NaT,NaT,NaT,NaT,NaT,NaT,NaT,NaT,NaT,NaT,NaT,NaT,NaT,NaT,NaT,NaT,NaT,NaT,NaT",Bachelor of Engineering (B.E.),New Horizon College of Engineering,Bangalore,Biotechnology,,"Excel with basic formulas, PPT preparation,  good typing speed, use on daily basis at work",Emedia / Active on Social Media,"English (US) (R W S T),Kannada (R W S ),Hindi / हिंदी (R W S T)",,,,,
615078,2025 - 2026 [upcoming_batch],Male,29,HCSC,Associate Software Developer,Deploying the application and fixing the checkmarx issue as well as resolving bugs.,IT,"2019-11-20,NaT,NaT,NaT,NaT,NaT,NaT,NaT,NaT,NaT,NaT,NaT,NaT","NaT,NaT,NaT,NaT,NaT,NaT,NaT,NaT,NaT,NaT,NaT,NaT,NaT",Bachelor of Arts (B.A.),Thomas Edison State University,Trenton,Computer Science,,I have some computer skills as I work on computers for deployment and fixing errors. Have some experience in coding,IT / Developer,English (US) (R W S T),,"Western Music,Sports","Guitar,Football",,
615068,2025 - 2026 [upcoming_batch],Male,21,,,,,"NaT,NaT,NaT,NaT,NaT,NaT,NaT,NaT,NaT,NaT,NaT,NaT","NaT,NaT,NaT,NaT,NaT,NaT,NaT,NaT,NaT,NaT,NaT,NaT",Undergraduate,Marri Laxman Reddy Institute of Technology and Management,medchal,cybersecurity,,"Python Programing 
c programing 
dbms",Emedia / Active on Social Media,English (US) (R W S T),,,,,
614907,2025 - 2026 [upcoming_batch],Male,35,"Sambodhi Research & Communications Pvt. Ltd.,Aker Solutions,Tata Consultancy Services","HR Manager,Senior Executive HR,HR - Talent Acquisition","Overseeing and managing key human resources functions in alignment with organizational goals and supporting business objectives.,Talent Acquisition, Learning & Development, HR Operations,Talent Acquisition","Consulting,Oil,IT","2022-12-21,2018-02-01,2017-03-10,NaT,NaT,NaT,NaT,NaT,NaT,NaT,NaT,NaT,NaT,NaT,NaT,NaT,NaT,NaT,NaT,NaT,NaT,NaT,NaT,NaT,NaT,NaT,NaT,NaT,NaT,NaT,NaT,NaT,NaT,NaT,NaT,NaT,NaT","NaT,2022-06-29,2018-01-25,NaT,NaT,NaT,NaT,NaT,NaT,NaT,NaT,NaT,NaT,NaT,NaT,NaT,NaT,NaT,NaT,NaT,NaT,NaT,NaT,NaT,NaT,NaT,NaT,NaT,NaT,NaT,NaT,NaT,NaT,NaT,NaT,NaT,NaT","Master of Business Administration (M.B.A.),Bachelor of Business Administration (B.B.A.)","MIT-School Of Management (University Of Pune),S.S.R College Of Arts, Commerce & Science (University Of Pune)","Pune,Silvassa","Human Resources,Human Resources",,"Microsoft Word, Excel, PowerPoint, Office 365","Corporate / HR Executive,Corporate / HR Manager,Others / Pilot",English (UK) (R W S T),,,,,
614807,2025 - 2026 [upcoming_batch],Male,30,"American Airlines,Ernst & Young","Software Developer,Senior Lead Consultant",,"IT,Top Management; IT","2018-03-26,2021-06-14,NaT,NaT,NaT,NaT,NaT,NaT,NaT,NaT,NaT,NaT,NaT,NaT,NaT,NaT,NaT","2021-06-11,2024-03-29,NaT,NaT,NaT,NaT,NaT,NaT,NaT,NaT,NaT,NaT,NaT,NaT,NaT,NaT,NaT","Bachelor of Engineering (B.E.),Master - Other","University of Mumbai - Rajiv Gandhi Institute of Technology,Oklahoma State University","Mumbai,Stillwater","Information Technology,Management Information Systems",,"MS Office365, English typing",IT / Artificial Intelligence/ Machine Learning,"English (US) (R W S T),Hindi / हिंदी (R W S T),Gujarati / ગુજરાતી (R W S T)",,,,,
614801,2025 - 2026 [upcoming_batch],Male,30,"Isha,Le Méridien","Staff,Pastry chef","Cab booking, cab allocation, bill verification, local shifting,shuttle service etc..,Baking,preparing  desserts for buffet, cakes for bday anniversary etc..","Others,Hospitality","2024-03-07,2022-10-05,NaT,NaT,NaT,NaT,NaT,NaT,NaT,NaT,NaT,NaT,NaT,NaT,NaT,NaT","NaT,2023-09-20,NaT,NaT,NaT,NaT,NaT,NaT,NaT,NaT,NaT,NaT,NaT,NaT,NaT,NaT",Bachelor - Other,Amirth international institute of hotel management and catering science,Coimbatore,Bakery and Confectionery,,Basic,Arts and Crafts / Video Editor,English (UK) (R W S T),,,,,
614790,2025 - 2026 [upcoming_batch],Female,38,"Self Employed,Norwood Terrain ltd,Village Vet,Jigsaw,Karen Millen,Levi's","Owner,Landscaper,Head Receptionist,Deputy Manager,Supervisor & Fashion Stylist,Fashion Stylist","Design & Management,Designing, planting plants, maintainance and care,Team Management, Banking, Orders, Reports, etc,Team Management, Banking, writing Reports, etc,Training the team, Writing Reports, Team Management, etc.,Styling clients","Art,Agriculture,Others,Fashion,Fashion,Fashion","2017-02-15,2022-05-11,2017-06-13,2016-08-12,2013-05-25,2012-10-03,NaT,NaT,NaT,NaT,NaT,NaT,NaT,NaT,NaT,NaT,NaT,NaT,NaT,NaT,NaT,NaT,NaT,NaT,NaT,NaT,NaT,NaT,NaT,NaT,NaT","NaT,2023-06-30,2020-01-06,2017-06-19,2016-08-13,2013-05-22,NaT,NaT,NaT,NaT,NaT,NaT,NaT,NaT,NaT,NaT,NaT,NaT,NaT,NaT,NaT,NaT,NaT,NaT,NaT,NaT,NaT,NaT,NaT,NaT,NaT","Bachelor of Education (B.Ed.),Diploma,Other","Safashahr Azad University,Arian Private School of Art,Golders Green","Shiraz,Shiraz,London","Teaching English As a Foreign Language (TEFL),Graphic Design,English","Fashion styling, Landscape gardening",Fluent,"Soft Skills / Articulate in communication,Education / English Teacher,Arts and Crafts / Fashion Designer,Soft Skills / Fit for Physical Seva,Corporate / Manager - Others,Corporate / Operations Manager,Corporate / Sales Manager",English (UK) (R W S T),Personal observation: She is a very good communicator - story teller. ,"Arts & Crafts,Arts & Crafts,Arts & Crafts","Drawing,Sketching,Painting",,
614734,2025 - 2026 [upcoming_batch],Male,25,"Aramex,Nielsen,Mawdoo3,Amazon,Jobedu","Technology GRC and Business Management,Data Entry Associate,Freelance Content Writer,Customer Service Associate,Retail Sales Representative and Team Leader","Monitoring the operations of IT departement,- Establishing and building data standards for a startup project. - Categorization and classification of data. - Training employees on data classification and system usage. - Enhanced team efficiency by completing high-volume data tasks within tight deadlines. - Served as a reliable resource for peers seeking guidance or assistance with complex data tasks. - Checked for accuracy by verifying data and records. - Created spreadsheets for more efficient recordkeeping.,Writing Articles regarding sports, technology and agriculture.,- Managed high call volume with exceptional time management skills,  minimizing wait times for customers. - Maintained a high level of product knowledge, providing accurate information to customers. - Security check and user identification - Tracking orders and fulfillment. - Responded to customer requests, offering excellent support and tailored recommendations to address needs.,- Increased customer satisfaction ratings by closely monitoring service quality standards and addressing any issues promptly. - Enhanced team productivity by implementing efficient work processes and regularly reviewing performance metrics. - Maintained an inclusive and diverse team culture, promoting respect and understanding among all members. - Empowered team members by delegating responsibilities according to individual strengths and areas of expertise. - Managed conflict resolution among team members, fostering a positive and collaborative work environment. - Established open and professional relationships with team members to achieve quick resolutions for various issues.","Supply Chain,IT,Content Writing,Retail,Retail","2024-10-06,2022-02-06,2021-01-21,2021-05-03,2018-09-04,NaT,NaT,NaT,NaT,NaT,NaT,NaT,NaT,NaT,NaT,NaT,NaT,NaT,NaT","NaT,2024-10-03,2022-04-21,2021-12-03,2020-01-07,NaT,NaT,NaT,NaT,NaT,NaT,NaT,NaT,NaT,NaT,NaT,NaT,NaT,NaT",Bachelor - Other,Princess Sumaya University of Technology,Amman,Business Information Technology,,"Microsoft, Typing, basic computer skills needed to perform any task","IT / Business Analyst,Media and Communication / Content Writer,Basic Computer Skills / Data Entry skills,Soft Skills / Fit for Physical Seva",English (US) (R W S T),,Sports,Football,,
614717,2025 - 2026 [upcoming_batch],Male,31,"Balaji salt,Karikrupa hardware,Spona international pvt.ltd.","Owner,Owner,Owner","Production,Marketing,Marketing","Industrial Products,Advertising,Import and Export","2021-01-01,2020-08-01,2015-03-01,NaT,NaT,NaT,NaT,NaT,NaT,NaT,NaT,NaT,NaT,NaT,NaT,NaT,NaT,NaT,NaT,NaT,NaT,NaT,NaT,NaT,NaT","NaT,2022-08-01,2018-01-01,NaT,NaT,NaT,NaT,NaT,NaT,NaT,NaT,NaT,NaT,NaT,NaT,NaT,NaT,NaT,NaT,NaT,NaT,NaT,NaT,NaT,NaT",Bachelor of Commerce (B.Com),Om vvim collage,Morbi,No,,Medium,"Basic Computer Skills / Data Entry skills,Soft Skills / Fit for Physical Seva","Gujarati / ગુજરાતી (R W S T),Hindi / हिंदी (R W S T),English (US) (R W S T)",,,,,
614688,2025 - 2026 [upcoming_batch],Male,21,,,,,"NaT,NaT,NaT,NaT,NaT,NaT,NaT,NaT,NaT,NaT,NaT,NaT,NaT,NaT","NaT,NaT,NaT,NaT,NaT,NaT,NaT,NaT,NaT,NaT,NaT,NaT,NaT,NaT",Diploma,"Sharad Institute of Technology, Polytechnic ,Yadrav",Ichalkaranji,Mechanical Engineering,,"Solidworks software, MS powerpoint,MS word, MS Excel (basic), content writing for social media platform and posting content on it.",Emedia / Active on Social Media,"Marathi (R W S T),English (UK) (R W S T),Hindi / हिंदी (R W S T)",,,,,
614655,2025 - 2026 [upcoming_batch],Female,34,,,,,"NaT,NaT,NaT,NaT,NaT,NaT,NaT,NaT,NaT,NaT,NaT,NaT","NaT,NaT,NaT,NaT,NaT,NaT,NaT,NaT,NaT,NaT,NaT,NaT",,,,,,fd,Construction & Fabrication / Construction - Others,Kannada (R W S ),,,,,
614518,2025 - 2026 [upcoming_batch],Female,21,,,,,"NaT,NaT,NaT,NaT,NaT,NaT,NaT,NaT,NaT,NaT,NaT,NaT","NaT,NaT,NaT,NaT,NaT,NaT,NaT,NaT,NaT,NaT,NaT,NaT",Bachelor of Computer Application (B.C.A.),"Devi Ahilya University, Indore",Indore,DevOps Tools,,Proficient,Emedia / Active on Social Media,English (US) (R W S T),,,,,
614517,2025 - 2026 [upcoming_batch],Female,64,,,,,"NaT,NaT,NaT,NaT,NaT,NaT,NaT,NaT,NaT,NaT,NaT,NaT","NaT,NaT,NaT,NaT,NaT,NaT,NaT,NaT,NaT,NaT,NaT,NaT",,,,,,Shiva,Office Assistant / Admin Assistant,Amharic/Tigrigna (R W S T),,Communication,Article writing,,
614424,2025 - 2026 [upcoming_batch],Male,21,,,,,"NaT,NaT,NaT,NaT,NaT,NaT,NaT,NaT,NaT,NaT,NaT,NaT","NaT,NaT,NaT,NaT,NaT,NaT,NaT,NaT,NaT,NaT,NaT,NaT",Bachelor of Technology (B.Tech),AP IIIT RGUKT RK VALLEY,Kadapa,Computer science,Student,Yes I have computer skills I am a computer science student,Others / Air Force,Telugu / తెలుగు (R W S T),,,,,
614408,2025 - 2026 [upcoming_batch],Male,22,,,,,"NaT,NaT,NaT,NaT,NaT,NaT,NaT,NaT,NaT,NaT,NaT,NaT,NaT","NaT,NaT,NaT,NaT,NaT,NaT,NaT,NaT,NaT,NaT,NaT,NaT,NaT",,,,,aerospace engineering - engineering related design/drawing and computer skills,Ms Word,Engineering / Engineering - Others,English (UK) (R W S T),,,,,
614353,2025 - 2026 [upcoming_batch],Female,29,Accenture strategy,Management Consultant,,IT,"2019-12-01,NaT,NaT,NaT,NaT,NaT,NaT,NaT,NaT,NaT,NaT,NaT","2023-04-30,NaT,NaT,NaT,NaT,NaT,NaT,NaT,NaT,NaT,NaT,NaT",Other,Institute of chartered accountants of India,Delhi,"Accounting,Audit,Finance",,"I have medium computer skills like excel, word and power point. I have work experience in SAP ERP.",Emedia / Active on Social Media,English (US) (R W S T),,,,,
614263,2025 - 2026 [upcoming_batch],Male,23,,,,,"NaT,NaT,NaT,NaT,NaT,NaT,NaT,NaT,NaT,NaT,NaT,NaT,NaT,NaT,NaT","NaT,NaT,NaT,NaT,NaT,NaT,NaT,NaT,NaT,NaT,NaT,NaT,NaT,NaT,NaT",Undergraduate,New era junior collage,Hyderabad,No specialisation,Cricket,No computer skills,Arts and Crafts / Actor,English (US) (R W S T),,Sports,Cricket,,
614238,2025 - 2026 [upcoming_batch],Male,24,"Webknot Technologies Pvt. Ltd.,Onroadz Car Rental Pvt Ltd,RAINSTAR LABS LLP","Flutter Developer Intern,Flutter Developer,Android Developer Intern","As a Flutter developer, my current responsibilities include developing mobile applications, ensuring a smooth and intuitive user experience. Work with a team  of 10 members and build the app and deliver it to the client.,At Onroadz Car Rental, I was responsible for building the entire app for hosts to manage their vehicle rentals, track earnings, and view rental details. I collaborated with a graphic designer for app design and worked closely with the company owner to resolve customer issues and handle edge cases, ensuring the app delivered a seamless user experience.,I designed and executed user interfaces for an AI chat application using Jetpack Compose. I also implemented a dual-storage strategy with Realm and Firestore to optimize data handling for both local and remote access.","IT,Travel,IT","2024-08-12,2023-08-31,2024-07-10,NaT,NaT,NaT,NaT,NaT,NaT,NaT,NaT,NaT,NaT,NaT,NaT,NaT,NaT,NaT,NaT","2024-08-20,2024-09-26,NaT,NaT,NaT,NaT,NaT,NaT,NaT,NaT,NaT,NaT,NaT,NaT,NaT,NaT,NaT,NaT,NaT","Bachelor of Technology (B.Tech),HSC/12,SSLC/10","Sapthagiri College Of Engineering,M.E.S. Pre-University College of Arts, Commerce and Science,V.L.S International School","Bengaluru,Bengaluru,Bengaluru","Computer Science,Science (PCMB)",,"I am a software engineer with expertise in creating mobile applications, with strong proficiency in frameworks like Flutter. Currently I have around 9 months of Industry experience.",IT / Mobile App Developer,"English (AU) (R W S T),Hindi / हिंदी (R W S T)",,,,,
614130,2025 - 2026 [upcoming_batch],Female,35,Indian Air Force,Wing Commander,Management of technical machine and manpower in defence of the country,Defence Jobs,"2011-07-04,NaT,NaT,NaT,NaT,NaT,NaT,NaT,NaT,NaT,NaT,NaT,NaT,NaT,NaT,NaT,NaT","NaT,NaT,NaT,NaT,NaT,NaT,NaT,NaT,NaT,NaT,NaT,NaT,NaT,NaT,NaT,NaT,NaT",Bachelor - Other,Techno India College of Technology,Kolkata,Engineering,,Intermediate,Emedia / Active on Social Media,English (UK) (R W S T),She reads books. All kinds.,Communication,Others,,
614034,2025 - 2026 [upcoming_batch],Male,19,"Self work,Private,Itc Kohinoor hotel Hyderabad","Farmer,Electrician helper,Steward","Saving crop from diseases, managing micro nutrients, managing water in paddy cultivation and crop based responsibilities,Wiring,electrical boards fitting, giving electrical connections in the house,Preparing dining tables, and serving food to customers","Agriculture,Construction and Engineering,Hospitality","2015-01-01,2022-03-19,2023-02-10,NaT,NaT,NaT,NaT,NaT,NaT,NaT,NaT,NaT,NaT,NaT,NaT,NaT,NaT","NaT,2022-11-08,2023-05-16,NaT,NaT,NaT,NaT,NaT,NaT,NaT,NaT,NaT,NaT,NaT,NaT,NaT,NaT",Other,Srisai private industrial training Institute,Manchirial,Electrician,Farmer,"I don't have any computer skills, except of  
1. Video editing 
2.photo editing 
3.typing",Emedia / Active on Social Media,"Telugu / తెలుగు (R W S T),English (AU) (R W S T),Hindi / हिंदी (R W S )",,,,,
614004,2025 - 2026 [upcoming_batch],Female,25,"La Servaja,Niciai,Private","Handyman,Farmer,Babysitter","Stage in a goat farm, where I took care of the goats, the stable, cheesemaking and free pasture,Helping a friend in his vegetable farm, sowing seeds, transplanting, harvesting and selling vegetables,Taking care of two children","Agriculture,Agriculture,Teaching","2022-10-15,2023-05-15,2024-07-15,NaT,NaT,NaT,NaT,NaT,NaT,NaT,NaT,NaT,NaT,NaT,NaT,NaT,NaT,NaT,NaT,NaT,NaT,NaT","2023-02-15,2023-08-15,2024-09-15,NaT,NaT,NaT,NaT,NaT,NaT,NaT,NaT,NaT,NaT,NaT,NaT,NaT,NaT,NaT,NaT,NaT,NaT,NaT",,,,,"Permaculture farming, organic farming, Handles Twitter posts of save soil Italy ",Basic. Not much experience with specific programs,"Environment / Agriculture/ Farmer,Environment / Animal Husbandry,Basic Computer Skills / Basic Computer (MS Office and Email) Skills",English (US) (R W S T),"Gardening, farming, working with animals - cows etc.","Arts & Crafts,Arts & Crafts,Arts & Crafts,Outdoors and Others","Drawing,Sketching,Painting,Gardening",,
613998,2025 - 2026 [upcoming_batch],Male,24,GMERS MEDICAL COLLEGE VADNAGAR,Junior Resident - Forensic Medicine,Lecturer,Medical,"2024-06-26,NaT,NaT,NaT,NaT,NaT,NaT,NaT,NaT,NaT,NaT,NaT,NaT,NaT,NaT","NaT,NaT,NaT,NaT,NaT,NaT,NaT,NaT,NaT,NaT,NaT,NaT,NaT,NaT,NaT",Bachelor of Medicine and Bachelor of Surgery (M.B.B.S.),"GMERS MEDICAL COLLEGE, GANDHINAGAR, GUJARAT UNIVERSITY, GUJARAT.",Gandhinagar,Not Yet,,Can Run Computer but not have done any course regarding this but if given a work & taught how to do I can complete the work.,Emedia / Active on Social Media,"Hindi / हिंदी (R W S T),English (UK) (R W S T)",,,,,
613985,2025 - 2026 [upcoming_batch],Male,26,,,,,"NaT,NaT,NaT,NaT,NaT,NaT,NaT,NaT,NaT,NaT,NaT,NaT,NaT,NaT,NaT,NaT","NaT,NaT,NaT,NaT,NaT,NaT,NaT,NaT,NaT,NaT,NaT,NaT,NaT,NaT,NaT,NaT",Bachelor of Technology (B.Tech),ABES ENGINEERING COLLEGE,Ghaziabad,Civil engineering,,Programming and basic computer skills,"Basic Computer Skills / Data Entry skills,Soft Skills / Enthusiastic,Soft Skills / Fit for Physical Seva,Soft Skills / Soft-spoken and cordial","Hindi / हिंदी (R W S T),English (US) (R W S T)",,,,,
613804,2025 - 2026 [upcoming_batch],Female,38,"Neurorehabilitation Specialists, PLLC",Owner/doctor,"Patient care, brain injury medicine, assistant clinical professor",Medical,2018-01-01,NaT,Other,Touro University college of osteopathic medicine,Vallejo,Doctor of osteopathy,Doctor of Osteopathy MD,"Microsoft word, Power Point",Medical / Allopathy Doctor,English (US) (R W S T),"Hiking, Camping",Classical Dance,Kuchipudi,,